Index,Post_Date,Year,Month,City,Post_Type,Post_Details,Likes,Shares,Comments,Post_Link,Page
1,45746.00,2025,3,Beirut,Local News,Water supply disruption in Beirut.,1844,74,1553,https://example.com/post/1,ArabsNews
2,45569.00,2024,10,Beirut,Educational,Workshop on AI held in Beirut.,6661,2130,1329,https://example.com/post/2,ArabsNews
3,45648.00,2024,12,Alexandria,Political,Election updates from Alexandria.,3128,280,4885,https://example.com/post/3,ArabsNews
4,45428.00,2024,5,Dubai,Weather Alert,Storm warning issued in Dubai.,2758,750,3067,https://example.com/post/4,ArabsNews
5,45481.00,2024,7,Riyadh,Educational,Workshop on AI held in Riyadh.,1820,1387,2068,https://example.com/post/5,ArabsNews
6,45624.00,2024,11,Jeddah,Political,New policy reform announced in Jeddah.,1887,2070,3259,https://example.com/post/6,ArabsNews
7,45458.00,2024,6,Riyadh,Political,Election updates from Riyadh.,7700,1770,481,https://example.com/post/7,ArabsNews
8,45324.00,2024,2,Jeddah,Football,Match result: Doha vs Alexandria ended in a loss.,459,1491,4943,https://example.com/post/8,ArabsNews
9,45308.00,2024,1,Baghdad,Educational,Workshop on AI held in Baghdad.,251,38,2260,https://example.com/post/9,ArabsNews
10,45813.00,2025,6,Cairo,Weather Alert,Storm warning issued in Cairo.,8630,1927,4006,https://example.com/post/10,ArabsNews
11,45537.00,2024,9,Jeddah,Religious,Event: Eid celebrations in Jeddah.,3717,2262,579,https://example.com/post/11,ArabsNews
12,45749.00,2025,4,Jeddah,Local News,Market fire reported in Jeddah.,5851,2843,2069,https://example.com/post/12,ArabsNews
13,45625.00,2024,11,Amman,Religious,Prayer times updated for Amman.,8128,2106,1444,https://example.com/post/13,ArabsNews
14,45668.00,2025,1,Amman,Weather Alert,Storm warning issued in Amman.,7393,947,3989,https://example.com/post/14,ArabsNews
15,45591.00,2024,10,Dubai,Local News,Water supply disruption in Dubai.,7405,827,3423,https://example.com/post/15,ArabsNews
16,45577.00,2024,10,Baghdad,Religious,Prayer times updated for Baghdad.,4779,25,1173,https://example.com/post/16,ArabsNews
17,45292.00,2024,1,Doha,Tech,AI tech breakthrough reported.,8968,2517,2795,https://example.com/post/17,ArabsNews
18,45296.00,2024,1,Alexandria,Religious,Prayer times updated for Alexandria.,4198,2307,4345,https://example.com/post/18,ArabsNews
19,45452.00,2024,6,Baghdad,Educational,Results declared for Baghdad exams.,286,305,3108,https://example.com/post/19,ArabsNews
20,45729.00,2025,3,Jeddah,Local News,New traffic rule enforced in Jeddah.,9112,628,2158,https://example.com/post/20,ArabsNews
21,45627.00,2024,12,Doha,Weather Alert,High temperatures expected in Doha.,4529,960,3509,https://example.com/post/21,ArabsNews
22,45527.00,2024,8,Doha,Religious,Prayer times updated for Doha.,8324,2715,1887,https://example.com/post/22,ArabsNews
23,45296.00,2024,1,Amman,Entertainment,Concert announced in Amman.,6854,1389,4082,https://example.com/post/23,ArabsNews
24,45635.00,2024,12,Riyadh,Educational,Workshop on AI held in Riyadh.,3410,2120,1361,https://example.com/post/24,ArabsNews
25,45725.00,2025,3,Dubai,Health,Health awareness campaign in Dubai.,2118,2544,1923,https://example.com/post/25,ArabsNews
26,45767.00,2025,4,Doha,Weather Alert,Storm warning issued in Doha.,2959,2653,3897,https://example.com/post/26,ArabsNews
27,45629.00,2024,12,Jeddah,Religious,Event: Eid celebrations in Jeddah.,1862,2974,1040,https://example.com/post/27,ArabsNews
28,45490.00,2024,7,Cairo,Football,Fan reactions after Cairo win.,6237,2870,2376,https://example.com/post/28,ArabsNews
29,45422.00,2024,5,Baghdad,Health,New hospital opens in Baghdad.,2551,2599,4546,https://example.com/post/29,ArabsNews
30,45305.00,2024,1,Doha,Health,New hospital opens in Doha.,4115,1171,4830,https://example.com/post/30,ArabsNews
31,45727.00,2025,3,Jeddah,Health,New hospital opens in Jeddah.,5360,2641,386,https://example.com/post/31,ArabsNews
32,45643.00,2024,12,Baghdad,Religious,Event: Eid celebrations in Baghdad.,2952,798,4545,https://example.com/post/32,ArabsNews
33,45330.00,2024,2,Beirut,Entertainment,Movie trailer released: 'Beirut'.,3307,353,2385,https://example.com/post/33,ArabsNews
34,45694.00,2025,2,Jeddah,Health,New hospital opens in Jeddah.,1257,93,574,https://example.com/post/34,ArabsNews
35,45672.00,2025,1,Beirut,Weather Alert,Storm warning issued in Beirut.,5853,374,3130,https://example.com/post/35,ArabsNews
36,45436.00,2024,5,Beirut,Religious,Charity campaign launched in Beirut.,4127,69,2121,https://example.com/post/36,ArabsNews
37,45726.00,2025,3,Amman,Tech,Top 5 gadgets of 2025.,3557,1146,3016,https://example.com/post/37,ArabsNews
38,45476.00,2024,7,Beirut,Entertainment,Celebrity spotted in Beirut.,9453,179,577,https://example.com/post/38,ArabsNews
39,45697.00,2025,2,Amman,Tech,AI tech breakthrough reported.,4278,1266,4468,https://example.com/post/39,ArabsNews
40,45621.00,2024,11,Riyadh,Local News,Water supply disruption in Riyadh.,8943,581,1297,https://example.com/post/40,ArabsNews
41,45568.00,2024,10,Cairo,Entertainment,Movie trailer released: 'Cairo'.,2536,801,2058,https://example.com/post/41,ArabsNews
42,45351.00,2024,2,Alexandria,Religious,Charity campaign launched in Alexandria.,3516,2295,2050,https://example.com/post/42,ArabsNews
43,45457.00,2024,6,Jeddah,Political,New policy reform announced in Jeddah.,3015,1249,451,https://example.com/post/43,ArabsNews
44,45760.00,2025,4,Jeddah,Local News,Market fire reported in Jeddah.,9528,2995,229,https://example.com/post/44,ArabsNews
45,45817.00,2025,6,Jeddah,Tech,Launch event for Baghdad held in Alexandria.,8419,919,2473,https://example.com/post/45,ArabsNews
46,45497.00,2024,7,Dubai,Football,Fan reactions after Dubai win.,412,710,880,https://example.com/post/46,ArabsNews
47,45649.00,2024,12,Dubai,Local News,New traffic rule enforced in Dubai.,5129,2751,4813,https://example.com/post/47,ArabsNews
48,45537.00,2024,9,Alexandria,Football,Top 5 goals of the week in Alexandria league.,7070,2392,719,https://example.com/post/48,ArabsNews
49,45648.00,2024,12,Baghdad,Health,Health awareness campaign in Baghdad.,6144,657,3503,https://example.com/post/49,ArabsNews
50,45721.00,2025,3,Beirut,Health,New hospital opens in Beirut.,6210,1304,4129,https://example.com/post/50,ArabsNews
51,45529.00,2024,8,Beirut,Football,Top 5 goals of the week in Beirut league.,3061,1765,4159,https://example.com/post/51,ArabsNews
52,45420.00,2024,5,Baghdad,Local News,Market fire reported in Baghdad.,9161,400,3535,https://example.com/post/52,ArabsNews
53,45303.00,2024,1,Beirut,Political,Election updates from Beirut.,7036,23,2118,https://example.com/post/53,ArabsNews
54,45771.00,2025,4,Doha,Religious,Charity campaign launched in Doha.,7451,1691,414,https://example.com/post/54,ArabsNews
55,45769.00,2025,4,Cairo,Entertainment,Celebrity spotted in Cairo.,6435,762,3669,https://example.com/post/55,ArabsNews
56,45348.00,2024,2,Dubai,Weather Alert,Storm warning issued in Dubai.,7455,138,78,https://example.com/post/56,ArabsNews
57,45654.00,2024,12,Jeddah,Political,New policy reform announced in Jeddah.,4522,216,51,https://example.com/post/57,ArabsNews
58,45322.00,2024,1,Baghdad,Football,Fan reactions after Baghdad win.,5283,1674,1333,https://example.com/post/58,ArabsNews
59,45502.00,2024,7,Dubai,Religious,Event: Eid celebrations in Dubai.,1395,1843,3830,https://example.com/post/59,ArabsNews
60,45680.00,2025,1,Alexandria,Entertainment,Concert announced in Alexandria.,8905,1574,2911,https://example.com/post/60,ArabsNews
61,45351.00,2024,2,Jeddah,Political,Government decision sparks debate in Jeddah.,8725,782,2938,https://example.com/post/61,ArabsNews
62,45631.00,2024,12,Riyadh,Local News,Water supply disruption in Riyadh.,2602,176,1783,https://example.com/post/62,ArabsNews
63,45712.00,2025,2,Dubai,Educational,Scholarship applications open for Dubai students.,9932,476,1928,https://example.com/post/63,ArabsNews
64,45488.00,2024,7,Baghdad,Tech,Launch event for Cairo held in Riyadh.,897,2591,3659,https://example.com/post/64,ArabsNews
65,45609.00,2024,11,Baghdad,Health,Health awareness campaign in Baghdad.,1083,2305,1602,https://example.com/post/65,ArabsNews
66,45555.00,2024,9,Baghdad,Religious,Event: Eid celebrations in Baghdad.,5627,2272,3813,https://example.com/post/66,ArabsNews
67,45312.00,2024,1,Beirut,Political,Election updates from Beirut.,457,1399,4915,https://example.com/post/67,ArabsNews
68,45597.00,2024,11,Dubai,Educational,Workshop on AI held in Dubai.,2158,1610,328,https://example.com/post/68,ArabsNews
69,45603.00,2024,11,Cairo,Weather Alert,Rainfall forecast updated.,4104,1098,4518,https://example.com/post/69,ArabsNews
70,45817.00,2025,6,Beirut,Entertainment,Movie trailer released: 'Beirut'.,6153,1463,483,https://example.com/post/70,ArabsNews
71,45370.00,2024,3,Amman,Entertainment,Concert announced in Amman.,1568,289,2824,https://example.com/post/71,ArabsNews
72,45661.00,2025,1,Baghdad,Educational,Workshop on AI held in Baghdad.,1098,2808,4455,https://example.com/post/72,ArabsNews
73,45292.00,2024,1,Beirut,Religious,Charity campaign launched in Beirut.,6565,1448,3170,https://example.com/post/73,ArabsNews
74,45578.00,2024,10,Beirut,Educational,Scholarship applications open for Beirut students.,7277,215,3957,https://example.com/post/74,ArabsNews
75,45700.00,2025,2,Cairo,Local News,New traffic rule enforced in Cairo.,2821,754,212,https://example.com/post/75,ArabsNews
76,45627.00,2024,12,Dubai,Football,Match result: Jeddah vs Riyadh ended in a draw.,9356,1345,1892,https://example.com/post/76,ArabsNews
77,45559.00,2024,9,Amman,Local News,New traffic rule enforced in Amman.,1673,528,4486,https://example.com/post/77,ArabsNews
78,45741.00,2025,3,Alexandria,Entertainment,Concert announced in Alexandria.,2037,677,3352,https://example.com/post/78,ArabsNews
79,45763.00,2025,4,Riyadh,Entertainment,Concert announced in Riyadh.,8810,359,1360,https://example.com/post/79,ArabsNews
80,45604.00,2024,11,Baghdad,Weather Alert,High temperatures expected in Baghdad.,1450,1769,1257,https://example.com/post/80,ArabsNews
81,45467.00,2024,6,Jeddah,Weather Alert,High temperatures expected in Jeddah.,6491,2717,1224,https://example.com/post/81,ArabsNews
82,45603.00,2024,11,Alexandria,Weather Alert,Rainfall forecast updated.,7923,2796,3136,https://example.com/post/82,ArabsNews
83,45341.00,2024,2,Amman,Political,Election updates from Amman.,3641,2278,4013,https://example.com/post/83,ArabsNews
84,45584.00,2024,10,Baghdad,Educational,Scholarship applications open for Baghdad students.,6524,72,3905,https://example.com/post/84,ArabsNews
85,45568.00,2024,10,Beirut,Local News,New traffic rule enforced in Beirut.,4350,106,4824,https://example.com/post/85,ArabsNews
86,45548.00,2024,9,Alexandria,Tech,Launch event for Baghdad held in Riyadh.,8445,204,3523,https://example.com/post/86,ArabsNews
87,45560.00,2024,9,Riyadh,Local News,New traffic rule enforced in Riyadh.,4161,685,3750,https://example.com/post/87,ArabsNews
88,45305.00,2024,1,Amman,Football,Fan reactions after Amman win.,496,2149,216,https://example.com/post/88,ArabsNews
89,45299.00,2024,1,Doha,Political,Election updates from Doha.,2843,1774,3310,https://example.com/post/89,ArabsNews
90,45478.00,2024,7,Doha,Educational,Scholarship applications open for Doha students.,2650,2642,4027,https://example.com/post/90,ArabsNews
91,45346.00,2024,2,Doha,Weather Alert,Rainfall forecast updated.,883,1555,2333,https://example.com/post/91,ArabsNews
92,45671.00,2025,1,Dubai,Weather Alert,Storm warning issued in Dubai.,6739,1381,105,https://example.com/post/92,ArabsNews
93,45821.00,2025,6,Doha,Religious,Prayer times updated for Doha.,4122,233,3805,https://example.com/post/93,ArabsNews
94,45561.00,2024,9,Alexandria,Weather Alert,Storm warning issued in Alexandria.,5357,2143,4314,https://example.com/post/94,ArabsNews
95,45404.00,2024,4,Amman,Political,Election updates from Amman.,5013,2653,4678,https://example.com/post/95,ArabsNews
96,45380.00,2024,3,Riyadh,Entertainment,Movie trailer released: 'Riyadh'.,8722,557,1587,https://example.com/post/96,ArabsNews
97,45347.00,2024,2,Beirut,Religious,Event: Eid celebrations in Beirut.,9499,2160,3967,https://example.com/post/97,ArabsNews
98,45827.00,2025,6,Dubai,Educational,Results declared for Dubai exams.,268,1693,2600,https://example.com/post/98,ArabsNews
99,45702.00,2025,2,Riyadh,Health,Vaccination drive starts in Riyadh.,1382,2955,3862,https://example.com/post/99,ArabsNews
100,45831.00,2025,6,Cairo,Educational,Scholarship applications open for Cairo students.,3703,1783,2926,https://example.com/post/100,ArabsNews
101,45573.00,2024,10,Cairo,Football,Match result: Beirut vs Dubai ended in a win.,8899,1277,1291,https://example.com/post/101,ArabsNews
102,45736.00,2025,3,Amman,Political,Election updates from Amman.,9797,1664,4332,https://example.com/post/102,ArabsNews
103,45761.00,2025,4,Doha,Football,Match result: Doha vs Cairo ended in a win.,5652,2616,459,https://example.com/post/103,ArabsNews
104,45355.00,2024,3,Baghdad,Weather Alert,Rainfall forecast updated.,9158,897,2701,https://example.com/post/104,ArabsNews
105,45397.00,2024,4,Dubai,Football,Fan reactions after Dubai win.,3409,2961,1755,https://example.com/post/105,ArabsNews
106,45471.00,2024,6,Alexandria,Health,Health awareness campaign in Alexandria.,912,2560,2916,https://example.com/post/106,ArabsNews
107,45393.00,2024,4,Alexandria,Health,Health awareness campaign in Alexandria.,3177,651,3566,https://example.com/post/107,ArabsNews
108,45832.00,2025,6,Cairo,Health,Vaccination drive starts in Cairo.,3879,2632,2363,https://example.com/post/108,ArabsNews
109,45464.00,2024,6,Doha,Weather Alert,High temperatures expected in Doha.,8372,1936,2949,https://example.com/post/109,ArabsNews
110,45644.00,2024,12,Amman,Local News,New traffic rule enforced in Amman.,910,2487,2035,https://example.com/post/110,ArabsNews
111,45693.00,2025,2,Doha,Tech,Top 5 gadgets of 2025.,6059,1247,1607,https://example.com/post/111,ArabsNews
112,45737.00,2025,3,Riyadh,Political,Election updates from Riyadh.,4869,1183,3662,https://example.com/post/112,ArabsNews
113,45523.00,2024,8,Beirut,Local News,New traffic rule enforced in Beirut.,9240,2518,3826,https://example.com/post/113,ArabsNews
114,45614.00,2024,11,Amman,Football,Fan reactions after Amman win.,1397,2886,4464,https://example.com/post/114,ArabsNews
115,45355.00,2024,3,Amman,Local News,New traffic rule enforced in Amman.,4553,2898,4202,https://example.com/post/115,ArabsNews
116,45297.00,2024,1,Alexandria,Health,New hospital opens in Alexandria.,2358,1475,902,https://example.com/post/116,ArabsNews
117,45508.00,2024,8,Riyadh,Local News,Market fire reported in Riyadh.,9981,2216,2068,https://example.com/post/117,ArabsNews
118,45402.00,2024,4,Beirut,Religious,Event: Eid celebrations in Beirut.,4283,678,2282,https://example.com/post/118,ArabsNews
119,45702.00,2025,2,Alexandria,Entertainment,Movie trailer released: 'Alexandria'.,909,345,1026,https://example.com/post/119,ArabsNews
120,45610.00,2024,11,Alexandria,Entertainment,Celebrity spotted in Alexandria.,7900,2357,3899,https://example.com/post/120,ArabsNews
121,45448.00,2024,6,Riyadh,Tech,Launch event for Jeddah held in Amman.,633,622,3138,https://example.com/post/121,ArabsNews
122,45397.00,2024,4,Riyadh,Religious,Event: Eid celebrations in Riyadh.,8863,1013,3713,https://example.com/post/122,ArabsNews
123,45341.00,2024,2,Cairo,Local News,Market fire reported in Cairo.,5168,669,4202,https://example.com/post/123,ArabsNews
124,45677.00,2025,1,Beirut,Tech,AI tech breakthrough reported.,1885,1845,4103,https://example.com/post/124,ArabsNews
125,45790.00,2025,5,Beirut,Tech,Top 5 gadgets of 2025.,6665,2947,3815,https://example.com/post/125,ArabsNews
126,45432.00,2024,5,Dubai,Religious,Prayer times updated for Dubai.,5002,1369,4120,https://example.com/post/126,ArabsNews
127,45755.00,2025,4,Riyadh,Entertainment,Concert announced in Riyadh.,8570,1729,458,https://example.com/post/127,ArabsNews
128,45339.00,2024,2,Alexandria,Tech,Launch event for Jeddah held in Doha.,3143,227,4776,https://example.com/post/128,ArabsNews
129,45820.00,2025,6,Baghdad,Entertainment,Concert announced in Baghdad.,7643,849,2145,https://example.com/post/129,ArabsNews
130,45401.00,2024,4,Doha,Health,New hospital opens in Doha.,239,871,1694,https://example.com/post/130,ArabsNews
131,45639.00,2024,12,Amman,Educational,Scholarship applications open for Amman students.,2745,2774,950,https://example.com/post/131,ArabsNews
132,45702.00,2025,2,Baghdad,Health,New hospital opens in Baghdad.,9459,1013,3518,https://example.com/post/132,ArabsNews
133,45461.00,2024,6,Amman,Entertainment,Celebrity spotted in Amman.,6212,2417,1083,https://example.com/post/133,ArabsNews
134,45547.00,2024,9,Alexandria,Tech,AI tech breakthrough reported.,8764,611,1693,https://example.com/post/134,ArabsNews
135,45303.00,2024,1,Baghdad,Political,Government decision sparks debate in Baghdad.,527,1763,1854,https://example.com/post/135,ArabsNews
136,45532.00,2024,8,Beirut,Entertainment,Celebrity spotted in Beirut.,9800,2834,4758,https://example.com/post/136,ArabsNews
137,45718.00,2025,3,Jeddah,Weather Alert,High temperatures expected in Jeddah.,4017,2906,1924,https://example.com/post/137,ArabsNews
138,45820.00,2025,6,Riyadh,Political,Election updates from Riyadh.,,2630,4047,https://example.com/post/138,ArabsNews
139,45374.00,2024,3,Doha,Football,Match result: Doha vs Riyadh ended in a loss.,4213,2696,3499,https://example.com/post/139,ArabsNews
140,45452.00,2024,6,Amman,Political,New policy reform announced in Amman.,876,2900,1327,https://example.com/post/140,ArabsNews
141,45542.00,2024,9,Doha,Local News,Market fire reported in Doha.,2283,497,2135,https://example.com/post/141,ArabsNews
142,45371.00,2024,3,Amman,Religious,Prayer times updated for Amman.,6896,185,4549,https://example.com/post/142,ArabsNews
143,45568.00,2024,10,Riyadh,Religious,Prayer times updated for Riyadh.,4029,1748,2851,https://example.com/post/143,ArabsNews
144,45805.00,2025,5,Baghdad,Football,Match result: Riyadh vs Doha ended in a loss.,6087,130,4156,https://example.com/post/144,ArabsNews
145,45395.00,2024,4,Jeddah,Health,Vaccination drive starts in Jeddah.,4128,2759,1448,https://example.com/post/145,ArabsNews
146,45376.00,2024,3,Beirut,Football,Top 5 goals of the week in Beirut league.,9192,2098,3185,https://example.com/post/146,ArabsNews
147,45673.00,2025,1,Cairo,Local News,Water supply disruption in Cairo.,4107,1990,3707,https://example.com/post/147,ArabsNews
148,45597.00,2024,11,Jeddah,Religious,Prayer times updated for Jeddah.,3811,2076,1227,https://example.com/post/148,ArabsNews
149,45508.00,2024,8,Baghdad,Political,Government decision sparks debate in Baghdad.,8227,2987,1297,https://example.com/post/149,ArabsNews
150,45361.00,2024,3,Dubai,Football,Top 5 goals of the week in Dubai league.,2656,2617,2086,https://example.com/post/150,ArabsNews
151,45484.00,2024,7,Dubai,Entertainment,Concert announced in Dubai.,6127,2684,1752,https://example.com/post/151,ArabsNews
152,45504.00,2024,7,Beirut,Entertainment,Celebrity spotted in Beirut.,1442,2507,1149,https://example.com/post/152,ArabsNews
153,45580.00,2024,10,Riyadh,Health,Health awareness campaign in Riyadh.,466,2166,4956,https://example.com/post/153,ArabsNews
154,45808.00,2025,5,Dubai,Educational,Scholarship applications open for Dubai students.,9566,1570,449,https://example.com/post/154,ArabsNews
155,45815.00,2025,6,Jeddah,Tech,AI tech breakthrough reported.,2265,765,1639,https://example.com/post/155,ArabsNews
156,45491.00,2024,7,Dubai,Health,Vaccination drive starts in Dubai.,8884,1804,4191,https://example.com/post/156,ArabsNews
157,45537.00,2024,9,Baghdad,Weather Alert,High temperatures expected in Baghdad.,3590,211,1015,https://example.com/post/157,ArabsNews
158,45607.00,2024,11,Beirut,Health,New hospital opens in Beirut.,6540,618,2886,https://example.com/post/158,ArabsNews
159,45424.00,2024,5,Dubai,Health,Vaccination drive starts in Dubai.,5365,168,700,https://example.com/post/159,ArabsNews
160,45450.00,2024,6,Beirut,Football,Match result: Jeddah vs Dubai ended in a draw.,2669,1021,709,https://example.com/post/160,ArabsNews
161,45712.00,2025,2,Baghdad,Entertainment,Concert announced in Baghdad.,3240,275,634,https://example.com/post/161,ArabsNews
162,45334.00,2024,2,Dubai,Tech,Top 5 gadgets of 2025.,9220,1182,1359,https://example.com/post/162,ArabsNews
163,45670.00,2025,1,Riyadh,Religious,Charity campaign launched in Riyadh.,6314,1820,691,https://example.com/post/163,ArabsNews
164,45452.00,2024,6,Jeddah,Health,Vaccination drive starts in Jeddah.,2563,2382,4063,https://example.com/post/164,ArabsNews
165,45625.00,2024,11,Riyadh,Health,Vaccination drive starts in Riyadh.,2301,2643,893,https://example.com/post/165,ArabsNews
166,45501.00,2024,7,Amman,Football,Top 5 goals of the week in Amman league.,2045,1706,1451,https://example.com/post/166,ArabsNews
167,45377.00,2024,3,Doha,Educational,Workshop on AI held in Doha.,9854,713,297,https://example.com/post/167,ArabsNews
168,45720.00,2025,3,Dubai,Football,Top 5 goals of the week in Dubai league.,9321,796,1055,https://example.com/post/168,ArabsNews
169,45649.00,2024,12,Dubai,Tech,Launch event for Baghdad held in Jeddah.,3666,1333,3998,https://example.com/post/169,ArabsNews
170,45533.00,2024,8,Beirut,Football,Match result: Jeddah vs Riyadh ended in a win.,5095,2840,476,https://example.com/post/170,ArabsNews
171,45412.00,2024,4,Jeddah,Entertainment,Concert announced in Jeddah.,3970,903,4467,https://example.com/post/171,ArabsNews
172,45440.00,2024,5,Jeddah,Health,Health awareness campaign in Jeddah.,8374,2759,3856,https://example.com/post/172,ArabsNews
173,45648.00,2024,12,Beirut,Religious,Event: Eid celebrations in Beirut.,3292,2918,3042,https://example.com/post/173,ArabsNews
174,45714.00,2025,2,Beirut,Educational,Results declared for Beirut exams.,5568,195,2746,https://example.com/post/174,ArabsNews
175,45305.00,2024,1,Doha,Health,Health awareness campaign in Doha.,958,512,4285,https://example.com/post/175,ArabsNews
176,45759.00,2025,4,Jeddah,Tech,Launch event for Alexandria held in Beirut.,6513,2430,2402,https://example.com/post/176,ArabsNews
177,45749.00,2025,4,Cairo,Health,Vaccination drive starts in Cairo.,3260,1985,2122,https://example.com/post/177,ArabsNews
178,45619.00,2024,11,Beirut,Football,Match result: Alexandria vs Dubai ended in a draw.,8576,640,1545,https://example.com/post/178,ArabsNews
179,45606.00,2024,11,Baghdad,Religious,Event: Eid celebrations in Baghdad.,8416,2124,2077,https://example.com/post/179,ArabsNews
180,45731.00,2025,3,Alexandria,Educational,Results declared for Alexandria exams.,8639,1585,3538,https://example.com/post/180,ArabsNews
181,45768.00,2025,4,Beirut,Religious,Event: Eid celebrations in Beirut.,2478,144,3305,https://example.com/post/181,ArabsNews
182,45767.00,2025,4,Amman,Weather Alert,Rainfall forecast updated.,1597,2888,1296,https://example.com/post/182,ArabsNews
183,45311.00,2024,1,Riyadh,Tech,Top 5 gadgets of 2025.,8886,1542,1453,https://example.com/post/183,ArabsNews
184,45770.00,2025,4,Riyadh,Health,Health awareness campaign in Riyadh.,289,675,610,https://example.com/post/184,ArabsNews
185,45808.00,2025,5,Cairo,Educational,Workshop on AI held in Cairo.,2512,2805,1875,https://example.com/post/185,ArabsNews
186,45304.00,2024,1,Alexandria,Health,New hospital opens in Alexandria.,5542,2641,4085,https://example.com/post/186,ArabsNews
187,45662.00,2025,1,Riyadh,Tech,Launch event for Cairo held in Cairo.,2201,1033,41,https://example.com/post/187,ArabsNews
188,45387.00,2024,4,Amman,Local News,Water supply disruption in Amman.,820,1142,2230,https://example.com/post/188,ArabsNews
189,45383.00,2024,4,Alexandria,Football,Fan reactions after Alexandria win.,9404,2575,2188,https://example.com/post/189,ArabsNews
190,45816.00,2025,6,Alexandria,Educational,Results declared for Alexandria exams.,5846,2653,1346,https://example.com/post/190,ArabsNews
191,45295.00,2024,1,Alexandria,Football,Fan reactions after Alexandria win.,256,52,3974,https://example.com/post/191,ArabsNews
192,45431.00,2024,5,Cairo,Political,Government decision sparks debate in Cairo.,4361,660,2432,https://example.com/post/192,ArabsNews
193,45532.00,2024,8,Baghdad,Local News,Water supply disruption in Baghdad.,1398,1660,1926,https://example.com/post/193,ArabsNews
194,45720.00,2025,3,Cairo,Football,Fan reactions after Cairo win.,8327,183,3275,https://example.com/post/194,ArabsNews
195,45664.00,2025,1,Jeddah,Religious,Charity campaign launched in Jeddah.,6409,2000,1332,https://example.com/post/195,ArabsNews
196,45380.00,2024,3,Baghdad,Entertainment,Concert announced in Baghdad.,1420,349,2379,https://example.com/post/196,ArabsNews
197,45541.00,2024,9,Doha,Entertainment,Celebrity spotted in Doha.,7159,1822,2394,https://example.com/post/197,ArabsNews
198,45573.00,2024,10,Riyadh,Tech,AI tech breakthrough reported.,5092,2622,362,https://example.com/post/198,ArabsNews
199,45299.00,2024,1,Beirut,Local News,Market fire reported in Beirut.,9175,570,4488,https://example.com/post/199,ArabsNews
200,45564.00,2024,9,Beirut,Religious,Charity campaign launched in Beirut.,7873,778,2189,https://example.com/post/200,ArabsNews
201,45790.00,2025,5,Amman,Educational,Workshop on AI held in Amman.,3780,1888,4017,https://example.com/post/201,ArabsNews
202,45313.00,2024,1,Cairo,Weather Alert,Storm warning issued in Cairo.,8038,950,4849,https://example.com/post/202,ArabsNews
203,45438.00,2024,5,Alexandria,Entertainment,Celebrity spotted in Alexandria.,2017,1483,1737,https://example.com/post/203,ArabsNews
204,45482.00,2024,7,Alexandria,Football,Match result: Alexandria vs Doha ended in a draw.,981,194,375,https://example.com/post/204,ArabsNews
205,45428.00,2024,5,Beirut,Football,Fan reactions after Beirut win.,2309,652,3309,https://example.com/post/205,ArabsNews
206,45552.00,2024,9,Doha,Religious,Charity campaign launched in Doha.,711,1977,2509,https://example.com/post/206,ArabsNews
207,45449.00,2024,6,Alexandria,Health,Vaccination drive starts in Alexandria.,9189,124,4488,https://example.com/post/207,ArabsNews
208,45432.00,2024,5,Baghdad,Football,Top 5 goals of the week in Baghdad league.,7445,1292,3863,https://example.com/post/208,ArabsNews
209,45700.00,2025,2,Baghdad,Entertainment,Concert announced in Baghdad.,2355,1085,3463,https://example.com/post/209,ArabsNews
210,45464.00,2024,6,Jeddah,Tech,Top 5 gadgets of 2025.,5414,1933,703,https://example.com/post/210,ArabsNews
211,45643.00,2024,12,Baghdad,Tech,Launch event for Jeddah held in Beirut.,3693,242,1226,https://example.com/post/211,ArabsNews
212,45343.00,2024,2,Beirut,Religious,Charity campaign launched in Beirut.,313,263,,https://example.com/post/212,ArabsNews
213,45309.00,2024,1,Baghdad,Weather Alert,High temperatures expected in Baghdad.,7413,306,2659,https://example.com/post/213,ArabsNews
214,45599.00,2024,11,Dubai,Entertainment,Concert announced in Dubai.,4927,961,4610,https://example.com/post/214,ArabsNews
215,45554.00,2024,9,Cairo,Political,New policy reform announced in Cairo.,9254,336,3081,https://example.com/post/215,ArabsNews
216,45627.00,2024,12,Cairo,Entertainment,Movie trailer released: 'Cairo'.,3313,1851,3907,https://example.com/post/216,ArabsNews
217,45681.00,2025,1,Doha,Football,Top 5 goals of the week in Doha league.,9373,1231,2851,https://example.com/post/217,ArabsNews
218,45660.00,2025,1,Baghdad,Weather Alert,Rainfall forecast updated.,5710,680,1342,https://example.com/post/218,ArabsNews
219,45714.00,2025,2,Doha,Educational,Results declared for Doha exams.,7262,1233,4513,https://example.com/post/219,ArabsNews
220,45773.00,2025,4,Riyadh,Entertainment,Movie trailer released: 'Riyadh'.,7179,474,848,https://example.com/post/220,ArabsNews
221,45472.00,2024,6,Cairo,Health,New hospital opens in Cairo.,2728,983,1472,https://example.com/post/221,ArabsNews
222,45307.00,2024,1,Baghdad,Entertainment,Movie trailer released: 'Baghdad'.,1748,678,3825,https://example.com/post/222,ArabsNews
223,45518.00,2024,8,Amman,Educational,Results declared for Amman exams.,926,2592,1347,https://example.com/post/223,ArabsNews
224,45682.00,2025,1,Alexandria,Entertainment,Celebrity spotted in Alexandria.,2729,1763,2157,https://example.com/post/224,ArabsNews
225,45694.00,2025,2,Cairo,Tech,AI tech breakthrough reported.,3768,1391,2088,https://example.com/post/225,ArabsNews
226,45655.00,2024,12,Jeddah,Football,Top 5 goals of the week in Jeddah league.,7247,1473,1292,https://example.com/post/226,ArabsNews
227,45365.00,2024,3,Riyadh,Entertainment,Concert announced in Riyadh.,2624,1974,4219,https://example.com/post/227,ArabsNews
228,45657.00,2024,12,Dubai,Entertainment,Concert announced in Dubai.,4274,2443,4787,https://example.com/post/228,ArabsNews
229,45562.00,2024,9,Beirut,Weather Alert,Storm warning issued in Beirut.,2282,1222,4097,https://example.com/post/229,ArabsNews
230,45637.00,2024,12,Baghdad,Health,Health awareness campaign in Baghdad.,1708,523,2455,https://example.com/post/230,ArabsNews
231,45369.00,2024,3,Cairo,Tech,Top 5 gadgets of 2025.,7549,2698,426,https://example.com/post/231,ArabsNews
232,45747.00,2025,3,Dubai,Health,Health awareness campaign in Dubai.,4957,1200,4710,https://example.com/post/232,ArabsNews
233,45533.00,2024,8,Dubai,Tech,Top 5 gadgets of 2025.,7857,598,1432,https://example.com/post/233,ArabsNews
234,45538.00,2024,9,Doha,Health,New hospital opens in Doha.,6329,2482,4025,https://example.com/post/234,ArabsNews
235,45719.00,2025,3,Beirut,Weather Alert,High temperatures expected in Beirut.,7502,1360,1066,https://example.com/post/235,ArabsNews
236,45577.00,2024,10,Alexandria,Educational,Workshop on AI held in Alexandria.,9109,182,3305,https://example.com/post/236,ArabsNews
237,45763.00,2025,4,Baghdad,Religious,Charity campaign launched in Baghdad.,2838,2994,434,https://example.com/post/237,ArabsNews
238,45305.00,2024,1,Cairo,Football,Top 5 goals of the week in Cairo league.,8019,1498,2941,https://example.com/post/238,ArabsNews
239,45345.00,2024,2,Riyadh,Health,New hospital opens in Riyadh.,6259,2384,3601,https://example.com/post/239,ArabsNews
240,45294.00,2024,1,Jeddah,Football,Fan reactions after Jeddah win.,6664,2499,2651,https://example.com/post/240,ArabsNews
241,45459.00,2024,6,Riyadh,Entertainment,Concert announced in Riyadh.,5890,2575,3456,https://example.com/post/241,ArabsNews
242,45394.00,2024,4,Cairo,Weather Alert,Rainfall forecast updated.,3950,2547,4018,https://example.com/post/242,ArabsNews
243,45788.00,2025,5,Jeddah,Religious,Event: Eid celebrations in Jeddah.,9667,1976,4742,https://example.com/post/243,ArabsNews
244,45597.00,2024,11,Alexandria,Educational,Scholarship applications open for Alexandria students.,4128,3000,4230,https://example.com/post/244,ArabsNews
245,45413.00,2024,5,Cairo,Health,Health awareness campaign in Cairo.,3843,1682,4134,https://example.com/post/245,ArabsNews
246,45461.00,2024,6,Beirut,Religious,Charity campaign launched in Beirut.,3781,153,4179,https://example.com/post/246,ArabsNews
247,45564.00,2024,9,Doha,Entertainment,Concert announced in Doha.,5481,1733,2743,https://example.com/post/247,ArabsNews
248,45568.00,2024,10,Beirut,Weather Alert,High temperatures expected in Beirut.,6265,1310,2402,https://example.com/post/248,ArabsNews
249,45358.00,2024,3,Dubai,Weather Alert,Storm warning issued in Dubai.,7258,1360,3698,https://example.com/post/249,ArabsNews
250,45549.00,2024,9,Baghdad,Weather Alert,Storm warning issued in Baghdad.,3693,1676,4073,https://example.com/post/250,ArabsNews
251,45556.00,2024,9,Beirut,Football,Fan reactions after Beirut win.,1214,547,4153,https://example.com/post/251,ArabsNews
252,45657.00,2024,12,Doha,Health,New hospital opens in Doha.,2461,1215,2522,https://example.com/post/252,ArabsNews
253,45329.00,2024,2,Alexandria,Religious,Event: Eid celebrations in Alexandria.,3058,2264,2071,https://example.com/post/253,ArabsNews
254,45520.00,2024,8,Cairo,Educational,Scholarship applications open for Cairo students.,105,439,1123,https://example.com/post/254,ArabsNews
255,45393.00,2024,4,Cairo,Health,Vaccination drive starts in Cairo.,9159,89,1962,https://example.com/post/255,ArabsNews
256,45566.00,2024,10,Baghdad,Football,Top 5 goals of the week in Baghdad league.,5807,2061,1371,https://example.com/post/256,ArabsNews
257,45373.00,2024,3,Amman,Educational,Scholarship applications open for Amman students.,2043,1766,1858,https://example.com/post/257,ArabsNews
258,45823.00,2025,6,Beirut,Political,Government decision sparks debate in Beirut.,6909,1700,130,https://example.com/post/258,ArabsNews
259,45790.00,2025,5,Dubai,Educational,Scholarship applications open for Dubai students.,6466,1889,4304,https://example.com/post/259,ArabsNews
260,45629.00,2024,12,Beirut,Educational,Workshop on AI held in Beirut.,6226,918,2475,https://example.com/post/260,ArabsNews
261,45399.00,2024,4,Cairo,Religious,Charity campaign launched in Cairo.,2881,91,426,https://example.com/post/261,ArabsNews
262,45687.00,2025,1,Jeddah,Religious,Event: Eid celebrations in Jeddah.,7971,1089,1611,https://example.com/post/262,ArabsNews
263,45626.00,2024,11,Doha,Political,New policy reform announced in Doha.,5251,2164,4301,https://example.com/post/263,ArabsNews
264,45537.00,2024,9,Amman,Local News,New traffic rule enforced in Amman.,7442,1511,175,https://example.com/post/264,ArabsNews
265,45381.00,2024,3,Jeddah,Tech,AI tech breakthrough reported.,1581,1722,610,https://example.com/post/265,ArabsNews
266,45602.00,2024,11,Amman,Tech,Top 5 gadgets of 2025.,9009,1027,550,https://example.com/post/266,ArabsNews
267,45337.00,2024,2,Amman,Weather Alert,Storm warning issued in Amman.,5481,1560,3657,https://example.com/post/267,ArabsNews
268,45677.00,2025,1,Alexandria,Local News,New traffic rule enforced in Alexandria.,8574,2676,4876,https://example.com/post/268,ArabsNews
269,45610.00,2024,11,Baghdad,Local News,New traffic rule enforced in Baghdad.,5717,1847,1366,https://example.com/post/269,ArabsNews
270,45573.00,2024,10,Amman,Football,Top 5 goals of the week in Amman league.,2282,2101,925,https://example.com/post/270,ArabsNews
271,45630.00,2024,12,Alexandria,Political,New policy reform announced in Alexandria.,9962,2136,4303,https://example.com/post/271,ArabsNews
272,45400.00,2024,4,Riyadh,Religious,Charity campaign launched in Riyadh.,607,340,2589,https://example.com/post/272,ArabsNews
273,45378.00,2024,3,Doha,Local News,New traffic rule enforced in Doha.,5048,2101,4627,https://example.com/post/273,ArabsNews
274,45694.00,2025,2,Dubai,Entertainment,Movie trailer released: 'Dubai'.,1604,970,1708,https://example.com/post/274,ArabsNews
275,45654.00,2024,12,Jeddah,Religious,Charity campaign launched in Jeddah.,150,744,1303,https://example.com/post/275,ArabsNews
276,45383.00,2024,4,Beirut,Political,Election updates from Beirut.,6581,1571,3441,https://example.com/post/276,ArabsNews
277,45355.00,2024,3,Cairo,Educational,Scholarship applications open for Cairo students.,5826,1053,603,https://example.com/post/277,ArabsNews
278,45664.00,2025,1,Amman,Political,New policy reform announced in Amman.,3109,1116,346,https://example.com/post/278,ArabsNews
279,45597.00,2024,11,Riyadh,Political,Election updates from Riyadh.,2458,1596,1355,https://example.com/post/279,ArabsNews
280,45596.00,2024,10,Alexandria,Health,Vaccination drive starts in Alexandria.,1699,816,4480,https://example.com/post/280,ArabsNews
281,45552.00,2024,9,Amman,Entertainment,Concert announced in Amman.,5677,1109,2030,https://example.com/post/281,ArabsNews
282,45802.00,2025,5,Beirut,Football,Top 5 goals of the week in Beirut league.,1730,598,282,https://example.com/post/282,ArabsNews
283,45617.00,2024,11,Dubai,Educational,Results declared for Dubai exams.,8593,823,3176,https://example.com/post/283,ArabsNews
284,45434.00,2024,5,Doha,Educational,Workshop on AI held in Doha.,9853,434,2624,https://example.com/post/284,ArabsNews
285,45768.00,2025,4,Jeddah,Tech,Launch event for Dubai held in Beirut.,8017,966,2905,https://example.com/post/285,ArabsNews
286,45537.00,2024,9,Dubai,Entertainment,Movie trailer released: 'Dubai'.,9760,1936,1045,https://example.com/post/286,ArabsNews
287,45625.00,2024,11,Beirut,Weather Alert,High temperatures expected in Beirut.,7815,285,307,https://example.com/post/287,ArabsNews
288,45368.00,2024,3,Baghdad,Health,Health awareness campaign in Baghdad.,7052,2424,2115,https://example.com/post/288,ArabsNews
289,45449.00,2024,6,Jeddah,Entertainment,Movie trailer released: 'Jeddah'.,3948,556,3666,https://example.com/post/289,ArabsNews
290,45367.00,2024,3,Riyadh,Weather Alert,Storm warning issued in Riyadh.,8917,538,4887,https://example.com/post/290,ArabsNews
291,45481.00,2024,7,Cairo,Educational,Results declared for Cairo exams.,5702,46,2003,https://example.com/post/291,ArabsNews
292,45552.00,2024,9,Baghdad,Political,New policy reform announced in Baghdad.,6026,394,1938,https://example.com/post/292,ArabsNews
293,45454.00,2024,6,Beirut,Religious,Event: Eid celebrations in Beirut.,4694,2857,2759,https://example.com/post/293,ArabsNews
294,45441.00,2024,5,Cairo,Local News,New traffic rule enforced in Cairo.,4183,2223,2130,https://example.com/post/294,ArabsNews
295,45407.00,2024,4,Alexandria,Health,New hospital opens in Alexandria.,7901,2751,735,https://example.com/post/295,ArabsNews
296,45341.00,2024,2,Doha,Tech,Launch event for Alexandria held in Dubai.,9087,1757,4667,https://example.com/post/296,ArabsNews
297,45510.00,2024,8,Beirut,Football,Fan reactions after Beirut win.,5982,2029,2460,https://example.com/post/297,ArabsNews
298,45345.00,2024,2,Doha,Football,Match result: Baghdad vs Doha ended in a win.,2592,1178,3988,https://example.com/post/298,ArabsNews
299,45499.00,2024,7,Jeddah,Local News,Market fire reported in Jeddah.,9670,2393,395,https://example.com/post/299,ArabsNews
300,45718.00,2025,3,Alexandria,Religious,Event: Eid celebrations in Alexandria.,531,29,3768,https://example.com/post/300,ArabsNews
301,45305.00,2024,1,Doha,Religious,Charity campaign launched in Doha.,6187,436,2741,https://example.com/post/301,ArabsNews
302,45512.00,2024,8,Jeddah,Weather Alert,Rainfall forecast updated.,5777,2748,2693,https://example.com/post/302,ArabsNews
303,45732.00,2025,3,Doha,Educational,Workshop on AI held in Doha.,2067,2897,4865,https://example.com/post/303,ArabsNews
304,45685.00,2025,1,Baghdad,Entertainment,Movie trailer released: 'Baghdad'.,1017,1193,4822,https://example.com/post/304,ArabsNews
305,45424.00,2024,5,Amman,Religious,Prayer times updated for Amman.,4697,1167,600,https://example.com/post/305,ArabsNews
306,45410.00,2024,4,Alexandria,Political,Government decision sparks debate in Alexandria.,5706,1648,2060,https://example.com/post/306,ArabsNews
307,45625.00,2024,11,Alexandria,Entertainment,Celebrity spotted in Alexandria.,2507,1327,4005,https://example.com/post/307,ArabsNews
308,45627.00,2024,12,Dubai,Entertainment,Movie trailer released: 'Dubai'.,8383,2295,2955,https://example.com/post/308,ArabsNews
309,45300.00,2024,1,Doha,Tech,AI tech breakthrough reported.,1447,2042,2051,https://example.com/post/309,ArabsNews
310,45534.00,2024,8,Baghdad,Local News,New traffic rule enforced in Baghdad.,7718,2462,3336,https://example.com/post/310,ArabsNews
311,45446.00,2024,6,Cairo,Entertainment,Concert announced in Cairo.,1171,1118,1166,https://example.com/post/311,ArabsNews
312,45496.00,2024,7,Alexandria,Entertainment,Celebrity spotted in Alexandria.,4258,486,905,https://example.com/post/312,ArabsNews
313,45515.00,2024,8,Jeddah,Health,New hospital opens in Jeddah.,7702,603,74,https://example.com/post/313,ArabsNews
314,45813.00,2025,6,Doha,Political,Election updates from Doha.,8951,689,1590,https://example.com/post/314,ArabsNews
315,45530.00,2024,8,Beirut,Football,Top 5 goals of the week in Beirut league.,633,952,4831,https://example.com/post/315,ArabsNews
316,45375.00,2024,3,Amman,Health,Vaccination drive starts in Amman.,1931,417,173,https://example.com/post/316,ArabsNews
317,45436.00,2024,5,Riyadh,Religious,Event: Eid celebrations in Riyadh.,9642,237,4183,https://example.com/post/317,ArabsNews
318,45788.00,2025,5,Doha,Local News,New traffic rule enforced in Doha.,2336,2728,4966,https://example.com/post/318,ArabsNews
319,45579.00,2024,10,Riyadh,Educational,Workshop on AI held in Riyadh.,2549,1980,4595,https://example.com/post/319,ArabsNews
320,45506.00,2024,8,Beirut,Religious,Event: Eid celebrations in Beirut.,1230,1019,2547,https://example.com/post/320,ArabsNews
321,45615.00,2024,11,Cairo,Football,Fan reactions after Cairo win.,6223,2052,714,https://example.com/post/321,ArabsNews
322,45659.00,2025,1,Doha,Football,Match result: Jeddah vs Amman ended in a loss.,4783,2402,4842,https://example.com/post/322,ArabsNews
323,,1900,1,Riyadh,Tech,,7995,1486,,,ArabsNews
324,45353.00,2024,3,Amman,Health,Vaccination drive starts in Amman.,7995,2840,3130,https://example.com/post/324,ArabsNews
325,45454.00,2024,6,Baghdad,Entertainment,Concert announced in Baghdad.,9517,818,1695,https://example.com/post/325,ArabsNews
326,45791.00,2025,5,dabi,Religious,Charity campaign launched in Dubai.,441,2439,4949,https://example.com/post/326,ArabsNews
327,45730.00,2025,3,Amman,Tech,Launch event for Jeddah held in Baghdad.,4107,2728,4128,https://example.com/post/327,ArabsNews
328,45722.00,2025,3,Amman,Football,Fan reactions after Amman win.,8859,925,735,https://example.com/post/328,ArabsNews
329,45791.00,2025,5,Alexandria,Political,Government decision sparks debate in Alexandria.,4106,2665,1885,https://example.com/post/329,ArabsNews
330,45396.00,2024,4,Alexandria,Educational,Workshop on AI held in Alexandria.,8262,2034,2538,https://example.com/post/330,ArabsNews
331,45823.00,2025,6,Amman,Tech,AI tech breakthrough reported.,658,1076,1368,https://example.com/post/331,ArabsNews
332,45546.00,2024,9,Amman,Religious,Charity campaign launched in Amman.,9679,2567,3791,https://example.com/post/332,ArabsNews
333,45356.00,2024,3,Doha,Health,Vaccination drive starts in Doha.,3356,1027,776,https://example.com/post/333,ArabsNews
334,45770.00,2025,4,Jeddah,Weather Alert,Rainfall forecast updated.,9989,2407,1196,https://example.com/post/334,ArabsNews
335,45500.00,2024,7,Alexandria,Religious,Event: Eid celebrations in Alexandria.,6019,924,4746,https://example.com/post/335,ArabsNews
336,45323.00,2024,2,Alexandria,Religious,Event: Eid celebrations in Alexandria.,1374,343,3005,https://example.com/post/336,ArabsNews
337,45416.00,2024,5,Cairo,Political,Election updates from Cairo.,3692,2384,3143,https://example.com/post/337,ArabsNews
338,45668.00,2025,1,Cairo,Football,Match result: Alexandria vs Riyadh ended in a loss.,3291,1307,3249,https://example.com/post/338,ArabsNews
339,45571.00,2024,10,Dubai,Weather Alert,High temperatures expected in Dubai.,7913,1145,2753,https://example.com/post/339,ArabsNews
340,45696.00,2025,2,Riyadh,Political,Election updates from Riyadh.,669,2254,3111,https://example.com/post/340,ArabsNews
341,45333.00,2024,2,Alexandria,Tech,Top 5 gadgets of 2025.,3627,2288,3735,https://example.com/post/341,ArabsNews
342,45558.00,2024,9,Cairo,Religious,Event: Eid celebrations in Cairo.,9694,530,4607,https://example.com/post/342,ArabsNews
343,45689.00,2025,2,Riyadh,Tech,Launch event for Alexandria held in Jeddah.,8219,2951,4643,https://example.com/post/343,ArabsNews
344,45795.00,2025,5,????????,Health,Health awareness campaign in Alexandria.,776,1240,2901,https://example.com/post/344,ArabsNews
345,45799.00,2025,5,Doha,Tech,Launch event for Amman held in Riyadh.,5046,2418,4673,https://example.com/post/345,ArabsNews
346,45808.00,2025,5,Cairo,Weather Alert,High temperatures expected in Cairo.,1151,1091,4946,https://example.com/post/346,ArabsNews
347,45634.00,2024,12,Doha,Health,New hospital opens in Doha.,7084,959,406,https://example.com/post/347,ArabsNews
348,45750.00,2025,4,Doha,Local News,New traffic rule enforced in Doha.,9153,2925,4679,https://example.com/post/348,ArabsNews
349,45322.00,2024,1,Jeddah,Tech,Top 5 gadgets of 2025.,3332,321,1742,https://example.com/post/349,ArabsNews
350,45512.00,2024,8,Beirut,Educational,Scholarship applications open for Beirut students.,8253,1405,2085,https://example.com/post/350,ArabsNews
351,45561.00,2024,9,Doha,Religious,Charity campaign launched in Doha.,6667,2822,4297,https://example.com/post/351,ArabsNews
352,45410.00,2024,4,Alexandria,Tech,Launch event for Dubai held in Riyadh.,3027,243,411,https://example.com/post/352,ArabsNews
353,45613.00,2024,11,Alexandria,Educational,Workshop on AI held in Alexandria.,1868,1277,3769,https://example.com/post/353,ArabsNews
354,45354.00,2024,3,Doha,Educational,Scholarship applications open for Doha students.,8634,2179,4604,https://example.com/post/354,ArabsNews
355,45768.00,2025,4,Baghdad,Football,Match result: Baghdad vs Riyadh ended in a win.,645,1782,4706,https://example.com/post/355,ArabsNews
356,45344.00,2024,2,Baghdad,Health,Vaccination drive starts in Baghdad.,3167,630,192,https://example.com/post/356,ArabsNews
357,45307.00,2024,1,Riyadh,Entertainment,Celebrity spotted in Riyadh.,4664,986,4900,https://example.com/post/357,ArabsNews
358,45700.00,2025,2,Amman,Local News,Water supply disruption in Amman.,3234,1019,1875,https://example.com/post/358,ArabsNews
359,45689.00,2025,2,Riyadh,Religious,Charity campaign launched in Riyadh.,6486,1786,1128,https://example.com/post/359,ArabsNews
360,45825.00,2025,6,Riyadh,Tech,Top 5 gadgets of 2025.,6549,1374,1115,https://example.com/post/360,ArabsNews
361,45685.00,2025,1,Riyadh,Football,Top 5 goals of the week in Riyadh league.,8953,839,2178,https://example.com/post/361,ArabsNews
362,45447.00,2024,6,Cairo,Political,Government decision sparks debate in Cairo.,8002,336,1019,https://example.com/post/362,ArabsNews
363,45458.00,2024,6,Riyadh,Health,New hospital opens in Riyadh.,4291,1030,3329,https://example.com/post/363,ArabsNews
364,45771.00,2025,4,Alexandria,Educational,Results declared for Alexandria exams.,1041,2934,184,https://example.com/post/364,ArabsNews
365,45770.00,2025,4,Amman,Political,Government decision sparks debate in Amman.,1636,1941,725,https://example.com/post/365,ArabsNews
366,45788.00,2025,5,Alexandria,Tech,Top 5 gadgets of 2025.,5448,1880,4539,https://example.com/post/366,ArabsNews
367,45817.00,2025,6,Cairo,Local News,Market fire reported in Cairo.,3726,896,3031,https://example.com/post/367,ArabsNews
368,45452.00,2024,6,Doha,Political,Election updates from Doha.,1445,2285,1773,https://example.com/post/368,ArabsNews
369,45405.00,2024,4,Baghdad,Weather Alert,Rainfall forecast updated.,3624,1147,1813,https://example.com/post/369,ArabsNews
370,45826.00,2025,6,Riyadh,Entertainment,Concert announced in Riyadh.,6986,332,2905,https://example.com/post/370,ArabsNews
371,45449.00,2024,6,Alexandria,Educational,Workshop on AI held in Alexandria.,7197,981,2388,https://example.com/post/371,ArabsNews
372,45826.00,2025,6,Cairo,Football,Top 5 goals of the week in Cairo league.,7364,59,77,https://example.com/post/372,ArabsNews
373,45798.00,2025,5,Cairo,Religious,Charity campaign launched in Cairo.,6968,480,4033,https://example.com/post/373,ArabsNews
374,45488.00,2024,7,Riyadh,Religious,Charity campaign launched in Riyadh.,5870,869,220,https://example.com/post/374,ArabsNews
375,45726.00,2025,3,Dubai,Health,New hospital opens in Dubai.,4694,2712,2235,https://example.com/post/375,ArabsNews
376,45392.00,2024,4,Beirut,Political,New policy reform announced in Beirut.,6261,2979,4928,https://example.com/post/376,ArabsNews
377,45743.00,2025,3,Cairo,Local News,Market fire reported in Cairo.,9024,1312,960,https://example.com/post/377,ArabsNews
378,45602.00,2024,11,Jeddah,Religious,Event: Eid celebrations in Jeddah.,2692,718,24,https://example.com/post/378,ArabsNews
379,45480.00,2024,7,Cairo,Tech,Launch event for Beirut held in Riyadh.,5745,390,4051,https://example.com/post/379,ArabsNews
380,45568.00,2024,10,Amman,Football,Top 5 goals of the week in Amman league.,2720,1683,3499,https://example.com/post/380,ArabsNews
381,45370.00,2024,3,Cairo,Educational,Scholarship applications open for Cairo students.,5063,789,2336,https://example.com/post/381,ArabsNews
382,45583.00,2024,10,Doha,Entertainment,Concert announced in Doha.,754,64,1332,https://example.com/post/382,ArabsNews
383,45706.00,2025,2,Jeddah,Football,Match result: Jeddah vs Alexandria ended in a loss.,9395,1636,3015,https://example.com/post/383,ArabsNews
384,45660.00,2025,1,doha,Political,Government decision sparks debate in Doha.,3672,904,3452,https://example.com/post/384,ArabsNews
385,45811.00,2025,6,Alexandria,Political,New policy reform announced in Alexandria.,3440,1335,195,https://example.com/post/385,ArabsNews
386,45631.00,2024,12,Dubai,Local News,Market fire reported in Dubai.,1964,1955,3565,https://example.com/post/386,ArabsNews
387,45684.00,2025,1,Cairo,Political,Election updates from Cairo.,7212,2213,3338,https://example.com/post/387,ArabsNews
388,45569.00,2024,10,Amman,Football,Top 5 goals of the week in Amman league.,157,2273,3891,https://example.com/post/388,ArabsNews
389,45450.00,2024,6,Beirut,Tech,Launch event for Alexandria held in Beirut.,9941,296,1223,https://example.com/post/389,ArabsNews
390,45326.00,2024,2,Riyadh,Educational,Results declared for Riyadh exams.,9737,426,4638,https://example.com/post/390,ArabsNews
391,45603.00,2024,11,Baghdad,Educational,Workshop on AI held in Baghdad.,4745,718,3693,https://example.com/post/391,ArabsNews
392,45768.00,2025,4,Cairo,Religious,Event: Eid celebrations in Cairo.,9592,1438,3591,https://example.com/post/392,ArabsNews
393,45368.00,2024,3,Cairo,Educational,Scholarship applications open for Cairo students.,1273,689,2768,https://example.com/post/393,ArabsNews
394,45724.00,2025,3,Alexandria,Football,Match result: Baghdad vs Doha ended in a draw.,2091,2127,4938,https://example.com/post/394,ArabsNews
395,45798.00,2025,5,Cairo,Football,Match result: Alexandria vs Amman ended in a win.,4878,1021,1925,https://example.com/post/395,ArabsNews
396,45771.00,2025,4,Beirut,Weather Alert,Rainfall forecast updated.,7165,2092,4099,https://example.com/post/396,ArabsNews
397,45399.00,2024,4,Alexandria,Religious,Event: Eid celebrations in Alexandria.,7897,2137,3829,https://example.com/post/397,ArabsNews
398,45481.00,2024,7,Beirut,Health,Health awareness campaign in Beirut.,2227,693,2528,https://example.com/post/398,ArabsNews
399,45329.00,2024,2,Cairo,Entertainment,Celebrity spotted in Cairo.,2150,213,3045,https://example.com/post/399,ArabsNews
400,45496.00,2024,7,Alexandria,Weather Alert,Storm warning issued in Alexandria.,1606,59,2261,https://example.com/post/400,ArabsNews
401,45719.00,2025,3,Cairo,Entertainment,Concert announced in Cairo.,5174,2708,4990,https://example.com/post/401,ArabsNews
402,45503.00,2024,7,Alexandria,Health,Vaccination drive starts in Alexandria.,3971,2558,1612,https://example.com/post/402,ArabsNews
403,45777.00,2025,4,Beirut,Weather Alert,High temperatures expected in Beirut.,5345,1600,858,https://example.com/post/403,ArabsNews
404,45530.00,2024,8,Dubai,Religious,Event: Eid celebrations in Dubai.,8319,28,3067,https://example.com/post/404,ArabsNews
405,45560.00,2024,9,Baghdad,Local News,Water supply disruption in Baghdad.,1495,334,1375,https://example.com/post/405,ArabsNews
406,45639.00,2024,12,Amman,Religious,Event: Eid celebrations in Amman.,8844,1443,1968,https://example.com/post/406,ArabsNews
407,45302.00,2024,1,Riyadh,Weather Alert,High temperatures expected in Riyadh.,5677,326,2300,https://example.com/post/407,ArabsNews
408,45313.00,2024,1,Doha,Political,Government decision sparks debate in Doha.,2330,2535,3424,https://example.com/post/408,ArabsNews
409,45453.00,2024,6,Cairo,Political,Election updates from Cairo.,2509,733,4176,https://example.com/post/409,ArabsNews
410,45657.00,2024,12,Dubai,Religious,Charity campaign launched in Dubai.,1922,1686,3897,https://example.com/post/410,ArabsNews
411,45487.00,2024,7,Amman,Local News,Water supply disruption in Amman.,469,1237,3918,https://example.com/post/411,ArabsNews
412,45529.00,2024,8,Alexandria,Religious,Event: Eid celebrations in Alexandria.,2711,276,428,https://example.com/post/412,ArabsNews
413,45551.00,2024,9,??????????,Entertainment,Movie trailer released: 'Alexandria'.,8462,1098,4360,https://example.com/post/413,ArabsNews
414,45822.00,2025,6,Baghdad,Weather Alert,Rainfall forecast updated.,4467,994,3079,https://example.com/post/414,ArabsNews
415,45321.00,2024,1,Amman,Health,Health awareness campaign in Amman.,6754,2664,2915,https://example.com/post/415,ArabsNews
416,45698.00,2025,2,Alexandria,Football,Fan reactions after Alexandria win.,1633,602,2761,https://example.com/post/416,ArabsNews
417,45406.00,2024,4,Beirut,Weather Alert,High temperatures expected in Beirut.,4077,2658,494,https://example.com/post/417,ArabsNews
418,45568.00,2024,10,Doha,Educational,Scholarship applications open for Doha students.,8810,1250,2996,https://example.com/post/418,ArabsNews
419,45307.00,2024,1,Dubai,Health,Health awareness campaign in Dubai.,771,1034,3019,https://example.com/post/419,ArabsNews
420,45749.00,2025,4,Dubai,Educational,Results declared for Dubai exams.,4098,577,3328,https://example.com/post/420,ArabsNews
421,45586.00,2024,10,Amman,Entertainment,Concert announced in Amman.,2664,1173,4811,https://example.com/post/421,ArabsNews
422,45729.00,2025,3,Beirut,Football,Match result: Beirut vs Beirut ended in a loss.,3948,539,4101,https://example.com/post/422,ArabsNews
423,45408.00,2024,4,Doha,Political,New policy reform announced in Doha.,6393,1672,2236,https://example.com/post/423,ArabsNews
424,45377.00,2024,3,Cairo,Religious,Event: Eid celebrations in Cairo.,4447,690,277,https://example.com/post/424,ArabsNews
425,45613.00,2024,11,Dubai,Football,Top 5 goals of the week in Dubai league.,9204,2563,669,https://example.com/post/425,ArabsNews
426,45737.00,2025,3,Jeddah,Tech,AI tech breakthrough reported.,7743,709,381,https://example.com/post/426,ArabsNews
427,45297.00,2024,1,Alexandria,Educational,Scholarship applications open for Alexandria students.,2386,1630,1001,https://example.com/post/427,ArabsNews
428,45300.00,2024,1,Doha,Educational,Workshop on AI held in Doha.,6998,938,3770,https://example.com/post/428,ArabsNews
429,45715.00,2025,2,Beirut,Weather Alert,High temperatures expected in Beirut.,226,2358,2148,https://example.com/post/429,ArabsNews
430,45428.00,2024,5,Doha,Educational,Results declared for Doha exams.,520,613,2745,https://example.com/post/430,ArabsNews
431,45572.00,2024,10,Riyadh,Political,Government decision sparks debate in Riyadh.,3412,51,4645,https://example.com/post/431,ArabsNews
432,45707.00,2025,2,Alexandria,Entertainment,Movie trailer released: 'Alexandria'.,8210,1294,3432,https://example.com/post/432,ArabsNews
433,45640.00,2024,12,Beirut,Local News,Market fire reported in Beirut.,6313,55,401,https://example.com/post/433,ArabsNews
434,45649.00,2024,12,Jeddah,Local News,Water supply disruption in Jeddah.,2972,798,1640,https://example.com/post/434,ArabsNews
435,45299.00,2024,1,Riyadh,Religious,Charity campaign launched in Riyadh.,3606,2919,362,https://example.com/post/435,ArabsNews
436,45629.00,2024,12,Doha,Weather Alert,High temperatures expected in Doha.,8598,2515,2431,https://example.com/post/436,ArabsNews
437,45572.00,2024,10,Beirut,Health,New hospital opens in Beirut.,9869,1338,800,https://example.com/post/437,ArabsNews
438,45508.00,2024,8,Doha,Football,Match result: Doha vs Jeddah ended in a win.,7760,1336,3169,https://example.com/post/438,ArabsNews
439,45299.00,2024,1,Jeddah,Local News,Market fire reported in Jeddah.,3462,2898,3478,https://example.com/post/439,ArabsNews
440,45719.00,2025,3,Baghdad,Entertainment,Concert announced in Baghdad.,1292,2646,677,https://example.com/post/440,ArabsNews
441,45787.00,2025,5,Doha,Religious,Charity campaign launched in Doha.,9972,23,1213,https://example.com/post/441,ArabsNews
442,45625.00,2024,11,Alexandria,Educational,Scholarship applications open for Alexandria students.,9948,1288,3309,https://example.com/post/442,ArabsNews
443,45776.00,2025,4,Jeddah,Local News,Water supply disruption in Jeddah.,3753,2134,2617,https://example.com/post/443,ArabsNews
444,45314.00,2024,1,Riyadh,Political,New policy reform announced in Riyadh.,3065,2573,3596,https://example.com/post/444,ArabsNews
445,45818.00,2025,6,Jeddah,Weather Alert,Rainfall forecast updated.,4264,964,887,https://example.com/post/445,ArabsNews
446,45667.00,2025,1,Baghdad,Educational,Scholarship applications open for Baghdad students.,7322,796,1403,https://example.com/post/446,ArabsNews
447,45425.00,2024,5,Beirut,Entertainment,Celebrity spotted in Beirut.,1947,1214,2076,https://example.com/post/447,ArabsNews
448,45663.00,2025,1,Baghdad,Health,Vaccination drive starts in Baghdad.,6134,95,397,https://example.com/post/448,ArabsNews
449,45795.00,2025,5,Doha,Political,Election updates from Doha.,6494,1931,4949,https://example.com/post/449,ArabsNews
450,45729.00,2025,3,Beirut,Tech,Launch event for Alexandria held in Dubai.,6082,2175,658,https://example.com/post/450,ArabsNews
451,45575.00,2024,10,??????????,Tech,AI tech breakthrough reported.,935,922,1040,https://example.com/post/451,ArabsNews
452,45357.00,2024,3,Riyadh,Educational,Scholarship applications open for Riyadh students.,2226,861,4982,https://example.com/post/452,ArabsNews
453,45813.00,2025,6,Beirut,Health,Health awareness campaign in Beirut.,6410,1900,1683,https://example.com/post/453,ArabsNews
454,45334.00,2024,2,Beirut,Political,Election updates from Beirut.,2322,536,3668,https://example.com/post/454,ArabsNews
455,45683.00,2025,1,Beirut,Entertainment,Movie trailer released: 'Beirut'.,263,2645,1225,https://example.com/post/455,ArabsNews
456,45373.00,2024,3,Riyadh,Religious,Event: Eid celebrations in Riyadh.,1168,1750,1190,https://example.com/post/456,ArabsNews
457,45490.00,2024,7,Jeddah,Football,Fan reactions after Jeddah win.,801,2168,3992,https://example.com/post/457,ArabsNews
458,45810.00,2025,6,Jeddah,Educational,Results declared for Jeddah exams.,5020,1352,3712,https://example.com/post/458,ArabsNews
459,45638.00,2024,12,Doha,Educational,Workshop on AI held in Doha.,2902,2452,3860,https://example.com/post/459,ArabsNews
460,45704.00,2025,2,Riyadh,Educational,Results declared for Riyadh exams.,1088,1297,2520,https://example.com/post/460,ArabsNews
461,45823.00,2025,6,Amman,Local News,Water supply disruption in Amman.,3651,601,3622,https://example.com/post/461,ArabsNews
462,45318.00,2024,1,Jeddah,Weather Alert,High temperatures expected in Jeddah.,3305,132,440,https://example.com/post/462,ArabsNews
463,45311.00,2024,1,Jeddah,Educational,Workshop on AI held in Jeddah.,6396,1501,2479,https://example.com/post/463,ArabsNews
464,45492.00,2024,7,Jeddah,Weather Alert,Storm warning issued in Jeddah.,2888,1211,1519,https://example.com/post/464,ArabsNews
465,45467.00,2024,6,Cairo,Political,Election updates from Cairo.,9090,689,524,https://example.com/post/465,ArabsNews
466,45550.00,2024,9,Amman,Political,Election updates from Amman.,4927,2302,4795,https://example.com/post/466,ArabsNews
467,45514.00,2024,8,Beirut,Tech,Top 5 gadgets of 2025.,7457,2613,1475,https://example.com/post/467,ArabsNews
468,45691.00,2025,2,Riyadh,Football,Fan reactions after Riyadh win.,2425,2445,3115,https://example.com/post/468,ArabsNews
469,45668.00,2025,1,Doha,Local News,New traffic rule enforced in Doha.,8507,1175,4789,https://example.com/post/469,ArabsNews
470,45791.00,2025,5,Dubai,Local News,Market fire reported in Dubai.,6549,1154,2980,https://example.com/post/470,ArabsNews
471,45577.00,2024,10,Alexandria,Health,Vaccination drive starts in Alexandria.,5590,260,531,https://example.com/post/471,ArabsNews
472,45536.00,2024,9,Riyadh,Weather Alert,Rainfall forecast updated.,2042,2061,2906,https://example.com/post/472,ArabsNews
473,45758.00,2025,4,Jeddah,Religious,Prayer times updated for Jeddah.,8504,1083,1853,https://example.com/post/473,ArabsNews
474,45533.00,2024,8,Dubai,Entertainment,Movie trailer released: 'Dubai'.,5104,698,4999,https://example.com/post/474,ArabsNews
475,45559.00,2024,9,Riyadh,Tech,Top 5 gadgets of 2025.,4102,1219,3128,https://example.com/post/475,ArabsNews
476,45395.00,2024,4,Jeddah,Health,Vaccination drive starts in Jeddah.,1928,1740,218,https://example.com/post/476,ArabsNews
477,45698.00,2025,2,Alexandria,Tech,Launch event for Amman held in Doha.,1419,2235,3364,https://example.com/post/477,ArabsNews
478,45468.00,2024,6,Amman,Educational,Workshop on AI held in Amman.,8800,2897,4843,https://example.com/post/478,ArabsNews
479,45331.00,2024,2,Amman,Health,New hospital opens in Amman.,484,1275,2661,https://example.com/post/479,ArabsNews
480,45417.00,2024,5,Doha,Local News,Market fire reported in Doha.,8135,125,4972,https://example.com/post/480,ArabsNews
481,45446.00,2024,6,Amman,Weather Alert,Storm warning issued in Amman.,452,153,4748,https://example.com/post/481,ArabsNews
482,45764.00,2025,4,Doha,Football,Match result: Alexandria vs Dubai ended in a draw.,6881,1160,1386,https://example.com/post/482,ArabsNews
483,45711.00,2025,2,Amman,Religious,Charity campaign launched in Amman.,5309,2945,2921,https://example.com/post/483,ArabsNews
484,45458.00,2024,6,Dubai,Entertainment,Movie trailer released: 'Dubai'.,4815,1224,1226,https://example.com/post/484,ArabsNews
485,45774.00,2025,4,Dubai,Football,Fan reactions after Dubai win.,6502,1668,3661,https://example.com/post/485,ArabsNews
486,45790.00,2025,5,Jeddah,Religious,Charity campaign launched in Jeddah.,4616,311,4066,https://example.com/post/486,ArabsNews
487,45332.00,2024,2,Beirut,Educational,Results declared for Beirut exams.,8559,1697,2569,https://example.com/post/487,ArabsNews
488,45445.00,2024,6,Amman,Entertainment,Celebrity spotted in Amman.,9949,1816,3409,https://example.com/post/488,ArabsNews
489,45558.00,2024,9,Alexandria,Health,Health awareness campaign in Alexandria.,5347,243,2897,https://example.com/post/489,ArabsNews
490,45399.00,2024,4,Cairo,Tech,Top 5 gadgets of 2025.,8715,1974,855,https://example.com/post/490,ArabsNews
491,45817.00,2025,6,Dubai,Local News,New traffic rule enforced in Dubai.,7663,2084,3298,https://example.com/post/491,ArabsNews
492,45582.00,2024,10,Amman,Local News,New traffic rule enforced in Amman.,7386,1121,2250,https://example.com/post/492,ArabsNews
493,45345.00,2024,2,Alexandria,Local News,New traffic rule enforced in Alexandria.,2354,2569,1859,https://example.com/post/493,ArabsNews
494,45790.00,2025,5,Alexandria,Health,New hospital opens in Alexandria.,4866,1155,3506,https://example.com/post/494,ArabsNews
495,45425.00,2024,5,Dubai,Tech,Launch event for Baghdad held in Alexandria.,124,1412,3008,https://example.com/post/495,ArabsNews
496,45530.00,2024,8,Baghdad,Educational,Scholarship applications open for Baghdad students.,9993,2724,3856,https://example.com/post/496,ArabsNews
497,45568.00,2024,10,Riyadh,Weather Alert,Storm warning issued in Riyadh.,4313,51,3310,https://example.com/post/497,ArabsNews
498,45737.00,2025,3,Doha,Religious,Charity campaign launched in Doha.,3706,2051,1800,https://example.com/post/498,ArabsNews
499,45769.00,2025,4,Dubai,Political,New policy reform announced in Dubai.,7068,2868,1833,https://example.com/post/499,ArabsNews
500,45545.00,2024,9,Amman,Educational,Scholarship applications open for Amman students.,7181,80,3535,https://example.com/post/500,ArabsNews
501,45458.00,2024,6,Doha,Political,New policy reform announced in Doha.,848,2270,1962,https://example.com/post/501,ArabsNews
502,45581.00,2024,10,Alexandria,Local News,Market fire reported in Alexandria.,4781,362,580,https://example.com/post/502,ArabsNews
503,45778.00,2025,5,Alexandria,Local News,Water supply disruption in Alexandria.,95760,2917,995,https://example.com/post/503,ArabsNews
504,45549.00,2024,9,Jeddah,Educational,Workshop on AI held in Jeddah.,7114,2143,4518,https://example.com/post/504,ArabsNews
505,45661.00,2025,1,Baghdad,Local News,New traffic rule enforced in Baghdad.,8351,1277,3489,https://example.com/post/505,ArabsNews
506,45787.00,2025,5,Dubai,Political,Election updates from Dubai.,1758,2860,2923,https://example.com/post/506,ArabsNews
507,45537.00,2024,9,Jeddah,Tech,Top 5 gadgets of 2025.,762,2503,1758,https://example.com/post/507,ArabsNews
508,45602.00,2024,11,Baghdad,Political,New policy reform announced in Baghdad.,7808,508,1961,https://example.com/post/508,ArabsNews
509,45708.00,2025,2,Amman,Local News,Market fire reported in Amman.,8617,1420,2297,https://example.com/post/509,ArabsNews
510,45441.00,2024,5,Dubai,Tech,AI tech breakthrough reported.,5298,214,1847,https://example.com/post/510,ArabsNews
511,45440.00,2024,5,Jeddah,Religious,Prayer times updated for Jeddah.,703,2586,3314,https://example.com/post/511,ArabsNews
512,45454.00,2024,6,Cairo,Tech,Top 5 gadgets of 2025.,2944,2327,2001,https://example.com/post/512,ArabsNews
513,45734.00,2025,3,Doha,Religious,Prayer times updated for Doha.,9959,647,1570,https://example.com/post/513,ArabsNews
514,45594.00,2024,10,Baghdad,Health,Vaccination drive starts in Baghdad.,9406,141,3922,https://example.com/post/514,ArabsNews
515,45443.00,2024,5,Riyadh,Football,Match result: Alexandria vs Beirut ended in a loss.,1795,413,702,https://example.com/post/515,ArabsNews
516,45517.00,2024,8,Alexandria,Entertainment,Movie trailer released: 'Alexandria'.,8746,766,2604,https://example.com/post/516,ArabsNews
517,45317.00,2024,1,Alexandria,Religious,Event: Eid celebrations in Alexandria.,7436,860,4454,https://example.com/post/517,ArabsNews
518,45658.00,2025,1,Jeddah,Tech,AI tech breakthrough reported.,5242,1367,2828,https://example.com/post/518,ArabsNews
519,45740.00,2025,3,Riyadh,Local News,New traffic rule enforced in Riyadh.,1440,228,3320,https://example.com/post/519,ArabsNews
520,45600.00,2024,11,Jeddah,Educational,Workshop on AI held in Jeddah.,9383,2116,4409,https://example.com/post/520,ArabsNews
521,45796.00,2025,5,Doha,Entertainment,Concert announced in Doha.,1797,295,3235,https://example.com/post/521,ArabsNews
522,45386.00,2024,4,Dubai,Tech,Launch event for Baghdad held in Alexandria.,7267,1175,1821,https://example.com/post/522,ArabsNews
523,45507.00,2024,8,Dubai,Entertainment,Movie trailer released: 'Dubai'.,3279,167,2926,https://example.com/post/523,ArabsNews
524,45738.00,2025,3,Baghdad,Religious,Charity campaign launched in Baghdad.,1787,2001,373,https://example.com/post/524,ArabsNews
525,45302.00,2024,1,Alexandria,Weather Alert,Storm warning issued in Alexandria.,1978,2549,447,https://example.com/post/525,ArabsNews
526,45667.00,2025,1,Amman,Local News,Market fire reported in Amman.,1558,2944,3064,https://example.com/post/526,ArabsNews
527,45615.00,2024,11,Doha,Religious,Event: Eid celebrations in Doha.,3135,142,2700,https://example.com/post/527,ArabsNews
528,45409.00,2024,4,Riyadh,Religious,Charity campaign launched in Riyadh.,9308,323,1470,https://example.com/post/528,ArabsNews
529,45604.00,2024,11,Beirut,Educational,Scholarship applications open for Beirut students.,6805,1111,3633,https://example.com/post/529,ArabsNews
530,45607.00,2024,11,Jeddah,Football,Fan reactions after Jeddah win.,3869,2458,3648,https://example.com/post/530,ArabsNews
531,45769.00,2025,4,Dubai,Football,Fan reactions after Dubai win.,5126,1325,2071,https://example.com/post/531,ArabsNews
532,45663.00,2025,1,Amman,Health,Health awareness campaign in Amman.,4324,91,4947,https://example.com/post/532,ArabsNews
533,45306.00,2024,1,Amman,Health,Vaccination drive starts in Amman.,2218,2735,2318,https://example.com/post/533,ArabsNews
534,45680.00,2025,1,Jeddah,Health,Vaccination drive starts in Jeddah.,405,1154,1996,https://example.com/post/534,ArabsNews
535,45519.00,2024,8,Beirut,Health,New hospital opens in Beirut.,7016,1324,3846,https://example.com/post/535,ArabsNews
536,45578.00,2024,10,Beirut,Educational,Scholarship applications open for Beirut students.,6660,1162,4996,https://example.com/post/536,ArabsNews
537,45401.00,2024,4,Beirut,Entertainment,Celebrity spotted in Beirut.,4855,297,4148,https://example.com/post/537,ArabsNews
538,45514.00,2024,8,Cairo,Religious,Event: Eid celebrations in Cairo.,6366,1111,1098,https://example.com/post/538,ArabsNews
539,45328.00,2024,2,Jeddah,Political,New policy reform announced in Jeddah.,6837,2021,1217,https://example.com/post/539,ArabsNews
540,45639.00,2024,12,Beirut,Local News,Market fire reported in Beirut.,2746,2374,3890,https://example.com/post/540,ArabsNews
541,45456.00,2024,6,Doha,Football,Top 5 goals of the week in Doha league.,8139,2540,3092,https://example.com/post/541,ArabsNews
542,45606.00,2024,11,Amman,Local News,Market fire reported in Amman.,1437,1868,1275,https://example.com/post/542,ArabsNews
543,45688.00,2025,1,Cairo,Local News,Market fire reported in Cairo.,4197,1688,4408,https://example.com/post/543,ArabsNews
544,45548.00,2024,9,Doha,Weather Alert,Rainfall forecast updated.,2111,1649,173,https://example.com/post/544,ArabsNews
545,45819.00,2025,6,Doha,Football,Top 5 goals of the week in Doha league.,6070,897,473,https://example.com/post/545,ArabsNews
546,45807.00,2025,5,Cairo,Entertainment,Celebrity spotted in Cairo.,5478,2200,3588,https://example.com/post/546,ArabsNews
547,45550.00,2024,9,Dubai,Local News,Market fire reported in Dubai.,527,1176,661,https://example.com/post/547,ArabsNews
548,45725.00,2025,3,Amman,Football,Match result: Jeddah vs Jeddah ended in a draw.,3520,2216,3725,https://example.com/post/548,ArabsNews
549,45790.00,2025,5,Baghdad,Weather Alert,High temperatures expected in Baghdad.,5722,1562,3716,https://example.com/post/549,ArabsNews
550,45686.00,2025,1,Baghdad,Weather Alert,Storm warning issued in Baghdad.,5140,1155,2392,https://example.com/post/550,ArabsNews
551,45736.00,2025,3,Baghdad,Local News,Market fire reported in Baghdad.,3392,2244,2882,https://example.com/post/551,ArabsNews
552,45622.00,2024,11,Cairo,Local News,Market fire reported in Cairo.,8292,368,4809,https://example.com/post/552,ArabsNews
553,45690.00,2025,2,Amman,Football,Fan reactions after Amman win.,6534,2185,3142,https://example.com/post/553,ArabsNews
554,45495.00,2024,7,Doha,Educational,Results declared for Doha exams.,6187,36,561,https://example.com/post/554,ArabsNews
555,45731.00,2025,3,Cairo,Health,Health awareness campaign in Cairo.,8585,2716,1057,https://example.com/post/555,ArabsNews
556,45800.00,2025,5,Amman,Football,Top 5 goals of the week in Amman league.,5495,623,2867,https://example.com/post/556,ArabsNews
557,45408.00,2024,4,Amman,Religious,Event: Eid celebrations in Amman.,5371,2221,3742,https://example.com/post/557,ArabsNews
558,45600.00,2024,11,Jeddah,Local News,Market fire reported in Jeddah.,3202,2459,2803,https://example.com/post/558,ArabsNews
559,45755.00,2025,4,Riyadh,Weather Alert,Storm warning issued in Riyadh.,3704,2375,3574,https://example.com/post/559,ArabsNews
560,45740.00,2025,3,Dubai,Football,Top 5 goals of the week in Dubai league.,7369,33,1640,https://example.com/post/560,ArabsNews
561,45785.00,2025,5,Alexandria,Educational,Results declared for Alexandria exams.,3499,542,3047,https://example.com/post/561,ArabsNews
562,45405.00,2024,4,Riyadh,Entertainment,Concert announced in Riyadh.,9220,2998,2844,https://example.com/post/562,ArabsNews
563,45628.00,2024,12,Beirut,Local News,New traffic rule enforced in Beirut.,9987,71,3258,https://example.com/post/563,ArabsNews
564,45372.00,2024,3,Beirut,Tech,AI tech breakthrough reported.,2931,1548,4867,https://example.com/post/564,ArabsNews
565,45388.00,2024,4,Doha,Local News,New traffic rule enforced in Doha.,7286,2103,4609,https://example.com/post/565,ArabsNews
566,45389.00,2024,4,Jeddah,Tech,Launch event for Dubai held in Amman.,3512,661,4958,https://example.com/post/566,ArabsNews
567,45786.00,2025,5,Riyadh,Weather Alert,Rainfall forecast updated.,5851,61,700,https://example.com/post/567,ArabsNews
568,45415.00,2024,5,Doha,Tech,Launch event for Alexandria held in Doha.,1564,235,4029,https://example.com/post/568,ArabsNews
569,45457.00,2024,6,Beirut,Tech,Launch event for Doha held in Dubai.,3767,310,1686,https://example.com/post/569,ArabsNews
570,45330.00,2024,2,Cairo,Weather Alert,Rainfall forecast updated.,4993,2921,640,https://example.com/post/570,ArabsNews
571,45489.00,2024,7,Amman,Educational,Scholarship applications open for Amman students.,4074,2596,3894,https://example.com/post/571,ArabsNews
572,45680.00,2025,1,Alexandria,Religious,Charity campaign launched in Alexandria.,622,2197,3441,https://example.com/post/572,ArabsNews
573,45535.00,2024,8,Beirut,Religious,Prayer times updated for Beirut.,4835,2511,1984,https://example.com/post/573,ArabsNews
574,45690.00,2025,2,Alexandria,Tech,AI tech breakthrough reported.,7562,1250,1183,https://example.com/post/574,ArabsNews
575,45474.00,2024,7,Baghdad,Religious,Charity campaign launched in Baghdad.,5060,2982,3627,https://example.com/post/575,ArabsNews
576,45677.00,2025,1,Riyadh,Weather Alert,Storm warning issued in Riyadh.,8489,1875,4229,https://example.com/post/576,ArabsNews
577,45391.00,2024,4,Alexandria,Religious,Charity campaign launched in Alexandria.,2782,101,317,https://example.com/post/577,ArabsNews
578,45570.00,2024,10,Alexandria,Religious,Prayer times updated for Alexandria.,4811,2814,1702,https://example.com/post/578,ArabsNews
579,45554.00,2024,9,Dubai,Tech,AI tech breakthrough reported.,3342,2479,299,https://example.com/post/579,ArabsNews
580,45608.00,2024,11,Dubai,Local News,New traffic rule enforced in Dubai.,4416,1620,2413,https://example.com/post/580,ArabsNews
581,45476.00,2024,7,Doha,Local News,Water supply disruption in Doha.,678,1484,1125,https://example.com/post/581,ArabsNews
582,45505.00,2024,8,Alexandria,Educational,Results declared for Alexandria exams.,4123,947,4044,https://example.com/post/582,ArabsNews
583,45758.00,2025,4,Riyadh,Local News,New traffic rule enforced in Riyadh.,654,93,1959,https://example.com/post/583,ArabsNews
584,45301.00,2024,1,Riyadh,Health,Vaccination drive starts in Riyadh.,9224,191,59,https://example.com/post/584,ArabsNews
585,45733.00,2025,3,Dubai,Educational,Workshop on AI held in Dubai.,1864,1024,3743,https://example.com/post/585,ArabsNews
586,45341.00,2024,2,Alexandria,Football,Fan reactions after Alexandria win.,1974,2231,496,https://example.com/post/586,ArabsNews
587,45498.00,2024,7,Cairo,Weather Alert,Storm warning issued in Cairo.,2359,790,3804,https://example.com/post/587,ArabsNews
588,45580.00,2024,10,Beirut,Health,New hospital opens in Beirut.,9447,374,2184,https://example.com/post/588,ArabsNews
589,45807.00,2025,5,Amman,Football,Top 5 goals of the week in Amman league.,1717,1265,4861,https://example.com/post/589,ArabsNews
590,45324.00,2024,2,Doha,Football,Fan reactions after Doha win.,7023,1075,3212,https://example.com/post/590,ArabsNews
591,45330.00,2024,2,Baghdad,Political,Election updates from Baghdad.,9893,816,2236,https://example.com/post/591,ArabsNews
592,45737.00,2025,3,Jeddah,Health,Health awareness campaign in Jeddah.,5678,2740,2430,https://example.com/post/592,ArabsNews
593,45731.00,2025,3,Riyadh,Religious,Event: Eid celebrations in Riyadh.,9434,2323,218,https://example.com/post/593,ArabsNews
594,45612.00,2024,11,Beirut,Football,Match result: Doha vs Cairo ended in a win.,1057,161,1016,https://example.com/post/594,ArabsNews
595,45293.00,2024,1,Jeddah,Educational,Results declared for Jeddah exams.,1875,350,4899,https://example.com/post/595,ArabsNews
596,45528.00,2024,8,Baghdad,Local News,Water supply disruption in Baghdad.,2698,2150,1004,https://example.com/post/596,ArabsNews
597,45292.00,2024,1,Jeddah,Local News,Market fire reported in Jeddah.,5454,1600,3269,https://example.com/post/597,ArabsNews
598,45541.00,2024,9,Riyadh,Entertainment,Concert announced in Riyadh.,4644,2599,3501,https://example.com/post/598,ArabsNews
599,45320.00,2024,1,Baghdad,Religious,Prayer times updated for Baghdad.,7017,2463,964,https://example.com/post/599,ArabsNews
600,45702.00,2025,2,Amman,Football,Match result: Amman vs Dubai ended in a draw.,4108,1056,3354,https://example.com/post/600,ArabsNews
601,45410.00,2024,4,Jeddah,Weather Alert,High temperatures expected in Jeddah.,7946,1597,2761,https://example.com/post/601,ArabsNews
602,45302.00,2024,1,Doha,Football,Match result: Beirut vs Riyadh ended in a loss.,2479,302,2979,https://example.com/post/602,ArabsNews
603,45525.00,2024,8,Amman,Tech,Launch event for Dubai held in Riyadh.,3565,762,4544,https://example.com/post/603,ArabsNews
604,45774.00,2025,4,Dubai,Educational,Results declared for Dubai exams.,1875,2771,4082,https://example.com/post/604,ArabsNews
605,45355.00,2024,3,Cairo,Political,New policy reform announced in Cairo.,7233,1773,4556,https://example.com/post/605,ArabsNews
606,45831.00,2025,6,Jeddah,Health,Vaccination drive starts in Jeddah.,8208,1963,2274,https://example.com/post/606,ArabsNews
607,45457.00,2024,6,Alexandria,Entertainment,Celebrity spotted in Alexandria.,1759,2178,1318,https://example.com/post/607,ArabsNews
608,45604.00,2024,11,Alexandria,Educational,Workshop on AI held in Alexandria.,7292,1464,1614,https://example.com/post/608,ArabsNews
609,45732.00,2025,3,Baghdad,Football,Top 5 goals of the week in Baghdad league.,1825,1246,4029,https://example.com/post/609,ArabsNews
610,45561.00,2024,9,Doha,Local News,Water supply disruption in Doha.,2454,1479,4718,https://example.com/post/610,ArabsNews
611,45822.00,2025,6,Beirut,Religious,Charity campaign launched in Beirut.,1811,142,451,https://example.com/post/611,ArabsNews
612,45589.00,2024,10,Alexandria,Weather Alert,Storm warning issued in Alexandria.,5747,807,484,https://example.com/post/612,ArabsNews
613,45804.00,2025,5,Amman,Football,Match result: Baghdad vs Riyadh ended in a draw.,7320,2126,4188,https://example.com/post/613,ArabsNews
614,45791.00,2025,5,Baghdad,Educational,Workshop on AI held in Baghdad.,7088,2773,4397,https://example.com/post/614,ArabsNews
615,45624.00,2024,11,Cairo,Health,Health awareness campaign in Cairo.,509,1816,4382,https://example.com/post/615,ArabsNews
616,45320.00,2024,1,Beirut,Health,Vaccination drive starts in Beirut.,9888,2671,1269,https://example.com/post/616,ArabsNews
617,45385.00,2024,4,Amman,Entertainment,Celebrity spotted in Amman.,910,607,1763,https://example.com/post/617,ArabsNews
618,45426.00,2024,5,Dubai,Entertainment,Concert announced in Dubai.,7647,2196,1059,https://example.com/post/618,ArabsNews
619,45462.00,2024,6,Amman,Local News,Market fire reported in Amman.,1252,2218,3108,https://example.com/post/619,ArabsNews
620,45589.00,2024,10,Riyadh,Educational,Scholarship applications open for Riyadh students.,9857,2743,4715,https://example.com/post/620,ArabsNews
621,45391.00,2024,4,Cairo,Local News,Market fire reported in Cairo.,6470,2087,2344,https://example.com/post/621,ArabsNews
622,45318.00,2024,1,Riyadh,Educational,Workshop on AI held in Riyadh.,5829,2162,2286,https://example.com/post/622,ArabsNews
623,45652.00,2024,12,Alexandria,Local News,New traffic rule enforced in Alexandria.,7601,89,395,https://example.com/post/623,ArabsNews
624,45351.00,2024,2,Alexandria,Entertainment,Concert announced in Alexandria.,9965,2832,1692,https://example.com/post/624,ArabsNews
625,45519.00,2024,8,Beirut,Political,New policy reform announced in Beirut.,4879,1587,1339,https://example.com/post/625,ArabsNews
626,45746.00,2025,3,Amman,Health,New hospital opens in Amman.,8955,51,1499,https://example.com/post/626,ArabsNews
627,45775.00,2025,4,Dubai,Religious,Prayer times updated for Dubai.,1838,2557,4697,https://example.com/post/627,ArabsNews
628,45632.00,2024,12,Amman,Football,Top 5 goals of the week in Amman league.,854,196,4994,https://example.com/post/628,ArabsNews
629,45740.00,2025,3,Beirut,Religious,Event: Eid celebrations in Beirut.,6617,377,4207,https://example.com/post/629,ArabsNews
630,45669.00,2025,1,Beirut,Entertainment,Movie trailer released: 'Beirut'.,3771,840,4369,https://example.com/post/630,ArabsNews
631,45538.00,2024,9,Cairo,Educational,Scholarship applications open for Cairo students.,7946,2378,329,https://example.com/post/631,ArabsNews
632,45490.00,2024,7,Alexandria,Political,Election updates from Alexandria.,1653,719,676,https://example.com/post/632,ArabsNews
633,45306.00,2024,1,Jeddah,Weather Alert,Storm warning issued in Jeddah.,464,2579,510,https://example.com/post/633,ArabsNews
634,45464.00,2024,6,Riyadh,Entertainment,Movie trailer released: 'Riyadh'.,1988,2705,3850,https://example.com/post/634,ArabsNews
635,45440.00,2024,5,Baghdad,Weather Alert,Storm warning issued in Baghdad.,1653,309,344,https://example.com/post/635,ArabsNews
636,45687.00,2025,1,Amman,Entertainment,Concert announced in Amman.,3110,1446,2021,https://example.com/post/636,ArabsNews
637,45583.00,2024,10,Amman,Educational,Workshop on AI held in Amman.,7234,634,4542,https://example.com/post/637,ArabsNews
638,45606.00,2024,11,Amman,Political,Election updates from Amman.,3386,31,1496,https://example.com/post/638,ArabsNews
639,45603.00,2024,11,Baghdad,Football,Fan reactions after Baghdad win.,995,2284,454,https://example.com/post/639,ArabsNews
640,45429.00,2024,5,Riyadh,Football,Fan reactions after Riyadh win.,4443,148,1551,https://example.com/post/640,ArabsNews
641,45337.00,2024,2,Jeddah,Educational,Workshop on AI held in Jeddah.,1919,1505,1417,https://example.com/post/641,ArabsNews
642,45770.00,2025,4,Beirut,Educational,Results declared for Beirut exams.,5192,2892,2537,https://example.com/post/642,ArabsNews
643,45801.00,2025,5,Cairo,Weather Alert,High temperatures expected in Cairo.,9593,1323,463,https://example.com/post/643,ArabsNews
644,45461.00,2024,6,Beirut,Weather Alert,Rainfall forecast updated.,932,2222,675,https://example.com/post/644,ArabsNews
645,45342.00,2024,2,Alexandria,Health,Vaccination drive starts in Alexandria.,4373,1075,3307,https://example.com/post/645,ArabsNews
646,45412.00,2024,4,Cairo,Political,Government decision sparks debate in Cairo.,2224,2898,2445,https://example.com/post/646,ArabsNews
647,45503.00,2024,7,Doha,Football,Fan reactions after Doha win.,186,271,3135,https://example.com/post/647,ArabsNews
648,45547.00,2024,9,Doha,Political,New policy reform announced in Doha.,8962,1583,3969,https://example.com/post/648,ArabsNews
649,45487.00,2024,7,Jeddah,Football,Match result: Doha vs Baghdad ended in a win.,2733,1188,3637,https://example.com/post/649,ArabsNews
650,45782.00,2025,5,Jeddah,Tech,Launch event for Beirut held in Baghdad.,8169,51,3811,https://example.com/post/650,ArabsNews
651,45670.00,2025,1,Alexandria,Political,Election updates from Alexandria.,3913,378,963,https://example.com/post/651,ArabsNews
652,45668.00,2025,1,Riyadh,Football,Top 5 goals of the week in Riyadh league.,8696,1023,2813,https://example.com/post/652,ArabsNews
653,45664.00,2025,1,Jeddah,Tech,Top 5 gadgets of 2025.,4409,2259,2285,https://example.com/post/653,ArabsNews
654,45334.00,2024,2,Beirut,Health,New hospital opens in Beirut.,9759,1652,61,https://example.com/post/654,ArabsNews
655,45815.00,2025,6,Beirut,Football,Match result: Riyadh vs Amman ended in a loss.,7134,2181,2716,https://example.com/post/655,ArabsNews
656,45542.00,2024,9,Dubai,Religious,Prayer times updated for Dubai.,8605,1089,3355,https://example.com/post/656,ArabsNews
657,45825.00,2025,6,Jeddah,Health,New hospital opens in Jeddah.,9586,674,4654,https://example.com/post/657,ArabsNews
658,45392.00,2024,4,Amman,Religious,Charity campaign launched in Amman.,3306,358,2289,https://example.com/post/658,ArabsNews
659,45295.00,2024,1,Dubai,Football,Match result: Amman vs Riyadh ended in a win.,1630,2039,3016,https://example.com/post/659,ArabsNews
660,45577.00,2024,10,Amman,Entertainment,Celebrity spotted in Amman.,4472,2566,3345,https://example.com/post/660,ArabsNews
661,45483.00,2024,7,Dubai,Religious,Charity campaign launched in Dubai.,3159,828,4170,https://example.com/post/661,ArabsNews
662,45727.00,2025,3,Jeddah,Local News,New traffic rule enforced in Jeddah.,3026,2666,574,https://example.com/post/662,ArabsNews
663,45483.00,2024,7,Cairo,Local News,Market fire reported in Cairo.,1177,245,778,https://example.com/post/663,ArabsNews
664,45386.00,2024,4,Amman,Health,Health awareness campaign in Amman.,4379,1720,3604,https://example.com/post/664,ArabsNews
665,45659.00,2025,1,Beirut,Tech,Top 5 gadgets of 2025.,4868,2068,3646,https://example.com/post/665,ArabsNews
666,45422.00,2024,5,Alexandria,Health,New hospital opens in Alexandria.,8125,1287,3882,https://example.com/post/666,ArabsNews
667,45494.00,2024,7,Doha,Political,New policy reform announced in Doha.,8501,1480,509,https://example.com/post/667,ArabsNews
668,45793.00,2025,5,Riyadh,Religious,Event: Eid celebrations in Riyadh.,6601,673,3822,https://example.com/post/668,ArabsNews
669,45784.00,2025,5,Alexandria,Political,Election updates from Alexandria.,6832,1473,3161,https://example.com/post/669,ArabsNews
670,45519.00,2024,8,Baghdad,Local News,Water supply disruption in Baghdad.,638,1376,1322,https://example.com/post/670,ArabsNews
671,45294.00,2024,1,Amman,Health,Health awareness campaign in Amman.,7657,1866,300,https://example.com/post/671,ArabsNews
672,45465.00,2024,6,Jeddah,Weather Alert,Storm warning issued in Jeddah.,8285,2700,3528,https://example.com/post/672,ArabsNews
673,45567.00,2024,10,Doha,Health,Health awareness campaign in Doha.,6936,1879,1904,https://example.com/post/673,ArabsNews
674,45435.00,2024,5,Doha,Health,Vaccination drive starts in Doha.,265,1639,484,https://example.com/post/674,ArabsNews
675,45801.00,2025,5,Alexandria,Health,Health awareness campaign in Alexandria.,6661,1332,3459,https://example.com/post/675,ArabsNews
676,45505.00,2024,8,Jeddah,Religious,Prayer times updated for Jeddah.,8925,2016,2949,https://example.com/post/676,ArabsNews
677,45303.00,2024,1,Riyadh,Football,Match result: Jeddah vs Cairo ended in a draw.,986,836,839,https://example.com/post/677,ArabsNews
678,45694.00,2025,2,Doha,Entertainment,Celebrity spotted in Doha.,4424,805,1430,https://example.com/post/678,ArabsNews
679,45703.00,2025,2,Dubai,Football,Match result: Amman vs Doha ended in a win.,4149,2593,4924,https://example.com/post/679,ArabsNews
680,45522.00,2024,8,Doha,Political,Election updates from Doha.,9398,2701,4571,https://example.com/post/680,ArabsNews
681,45429.00,2024,5,Amman,Political,Government decision sparks debate in Amman.,903,1932,3063,https://example.com/post/681,ArabsNews
682,45673.00,2025,1,Alexandria,Entertainment,Celebrity spotted in Alexandria.,7999,1357,1334,https://example.com/post/682,ArabsNews
683,45439.00,2024,5,Cairo,Entertainment,Concert announced in Cairo.,8120,182,4216,https://example.com/post/683,ArabsNews
684,45366.00,2024,3,Alexandria,Weather Alert,Rainfall forecast updated.,3902,437,2885,https://example.com/post/684,ArabsNews
685,45671.00,2025,1,Cairo,Political,Government decision sparks debate in Cairo.,2925,2482,3523,https://example.com/post/685,ArabsNews
686,45313.00,2024,1,Jeddah,Educational,Scholarship applications open for Jeddah students.,7695,2808,2215,https://example.com/post/686,ArabsNews
687,45666.00,2025,1,Amman,Entertainment,Concert announced in Amman.,1174,2977,3303,https://example.com/post/687,ArabsNews
688,45350.00,2024,2,Dubai,Football,Fan reactions after Dubai win.,5816,984,2190,https://example.com/post/688,ArabsNews
689,45452.00,2024,6,Alexandria,Tech,AI tech breakthrough reported.,3851,1092,1853,https://example.com/post/689,ArabsNews
690,45403.00,2024,4,Beirut,Tech,Launch event for Alexandria held in Beirut.,2603,2869,2394,https://example.com/post/690,ArabsNews
691,45562.00,2024,9,Alexandria,Tech,Top 5 gadgets of 2025.,903,1899,1734,https://example.com/post/691,ArabsNews
692,45382.00,2024,3,Dubai,Political,New policy reform announced in Dubai.,3117,491,1546,https://example.com/post/692,ArabsNews
693,45821.00,2025,6,Cairo,Entertainment,Movie trailer released: 'Cairo'.,6161,54,1479,https://example.com/post/693,ArabsNews
694,45704.00,2025,2,Amman,Entertainment,Celebrity spotted in Amman.,6044,2814,3520,https://example.com/post/694,ArabsNews
695,45417.00,2024,5,Dubai,Entertainment,Concert announced in Dubai.,6060,1206,4022,https://example.com/post/695,ArabsNews
696,45402.00,2024,4,Baghdad,Educational,Results declared for Baghdad exams.,6907,371,615,https://example.com/post/696,ArabsNews
697,45584.00,2024,10,Alexandria,Entertainment,Movie trailer released: 'Alexandria'.,7144,2684,803,https://example.com/post/697,ArabsNews
698,45303.00,2024,1,Jeddah,Entertainment,Celebrity spotted in Jeddah.,6071,1111,2521,https://example.com/post/698,ArabsNews
699,45408.00,2024,4,Doha,Educational,Workshop on AI held in Doha.,9480,2646,4574,https://example.com/post/699,ArabsNews
700,45673.00,2025,1,Riyadh,Entertainment,Celebrity spotted in Riyadh.,4799,1530,3769,https://example.com/post/700,ArabsNews
701,45375.00,2024,3,Alexandria,Weather Alert,High temperatures expected in Alexandria.,4616,1553,2646,https://example.com/post/701,ArabsNews
702,45630.00,2024,12,Dubai,Religious,Prayer times updated for Dubai.,136,541,4819,https://example.com/post/702,ArabsNews
703,45460.00,2024,6,Jeddah,Health,Health awareness campaign in Jeddah.,3245,2685,188,https://example.com/post/703,ArabsNews
704,45683.00,2025,1,Dubai,Football,Fan reactions after Dubai win.,2911,2289,3699,https://example.com/post/704,ArabsNews
705,45706.00,2025,2,Baghdad,Football,Fan reactions after Baghdad win.,4140,1838,3111,https://example.com/post/705,ArabsNews
706,45689.00,2025,2,Jeddah,Health,Health awareness campaign in Jeddah.,8164,557,1279,https://example.com/post/706,ArabsNews
707,45646.00,2024,12,Doha,Tech,AI tech breakthrough reported.,9766,2903,804,https://example.com/post/707,ArabsNews
708,45816.00,2025,6,Beirut,Health,Health awareness campaign in Beirut.,1777,2018,3883,https://example.com/post/708,ArabsNews
709,45437.00,2024,5,Beirut,Local News,Water supply disruption in Beirut.,8618,1479,351,https://example.com/post/709,ArabsNews
710,45819.00,2025,6,Alexandria,Weather Alert,High temperatures expected in Alexandria.,1699,1295,2131,https://example.com/post/710,ArabsNews
711,45319.00,2024,1,Dubai,Political,Election updates from Dubai.,1146,2289,2244,https://example.com/post/711,ArabsNews
712,45651.00,2024,12,Amman,Political,Election updates from Amman.,4697,2308,1637,https://example.com/post/712,ArabsNews
713,45648.00,2024,12,Jeddah,Entertainment,Celebrity spotted in Jeddah.,8167,2725,4555,https://example.com/post/713,ArabsNews
714,45809.00,2025,6,Baghdad,Religious,Prayer times updated for Baghdad.,7330,1301,4791,https://example.com/post/714,ArabsNews
715,45383.00,2024,4,Dubai,Political,Election updates from Dubai.,9648,1692,933,https://example.com/post/715,ArabsNews
716,45636.00,2024,12,Beirut,Entertainment,Movie trailer released: 'Beirut'.,7346,1236,761,https://example.com/post/716,ArabsNews
717,45510.00,2024,8,Alexandria,Tech,AI tech breakthrough reported.,1669,517,224,https://example.com/post/717,ArabsNews
718,45779.00,2025,5,Riyadh,Tech,Top 5 gadgets of 2025.,3347,1517,1580,https://example.com/post/718,ArabsNews
719,45475.00,2024,7,Jeddah,Football,Fan reactions after Jeddah win.,1130,1858,4223,https://example.com/post/719,ArabsNews
720,45813.00,2025,6,Baghdad,Weather Alert,Storm warning issued in Baghdad.,5367,2160,2180,https://example.com/post/720,ArabsNews
721,45642.00,2024,12,Dubai,Religious,Charity campaign launched in Dubai.,5754,2398,146,https://example.com/post/721,ArabsNews
722,45688.00,2025,1,Jeddah,Educational,Workshop on AI held in Jeddah.,8807,2584,818,https://example.com/post/722,ArabsNews
723,45725.00,2025,3,Dubai,Educational,Workshop on AI held in Dubai.,1739,2265,450,https://example.com/post/723,ArabsNews
724,45325.00,2024,2,Alexandria,Weather Alert,Storm warning issued in Alexandria.,6162,2245,3470,https://example.com/post/724,ArabsNews
725,45459.00,2024,6,Alexandria,Entertainment,Celebrity spotted in Alexandria.,4820,2048,1317,https://example.com/post/725,ArabsNews
726,45622.00,2024,11,Beirut,Religious,Prayer times updated for Beirut.,3405,572,3882,https://example.com/post/726,ArabsNews
727,45462.00,2024,6,Alexandria,Local News,Market fire reported in Alexandria.,3987,1007,1443,https://example.com/post/727,ArabsNews
728,45364.00,2024,3,Alexandria,Health,New hospital opens in Alexandria.,812,2982,3083,https://example.com/post/728,ArabsNews
729,45400.00,2024,4,Baghdad,Local News,New traffic rule enforced in Baghdad.,2031,920,3911,https://example.com/post/729,ArabsNews
730,45371.00,2024,3,Baghdad,Entertainment,Celebrity spotted in Baghdad.,7904,2921,3159,https://example.com/post/730,ArabsNews
731,45499.00,2024,7,Beirut,Health,New hospital opens in Beirut.,8639,2970,1425,https://example.com/post/731,ArabsNews
732,45605.00,2024,11,Doha,Entertainment,Movie trailer released: 'Doha'.,6891,1849,703,https://example.com/post/732,ArabsNews
733,45828.00,2025,6,Beirut,Health,New hospital opens in Beirut.,2096,1751,3243,https://example.com/post/733,ArabsNews
734,45731.00,2025,3,Riyadh,Weather Alert,Storm warning issued in Riyadh.,6337,2183,4343,https://example.com/post/734,ArabsNews
735,45824.00,2025,6,Doha,Entertainment,Movie trailer released: 'Doha'.,2620,2747,2188,https://example.com/post/735,ArabsNews
736,45695.00,2025,2,Baghdad,Religious,Charity campaign launched in Baghdad.,1144,1495,4874,https://example.com/post/736,ArabsNews
737,45698.00,2025,2,Beirut,Tech,AI tech breakthrough reported.,3163,1130,510,https://example.com/post/737,ArabsNews
738,45351.00,2024,2,Alexandria,Political,New policy reform announced in Alexandria.,6026,760,2498,https://example.com/post/738,ArabsNews
739,45405.00,2024,4,Doha,Weather Alert,Rainfall forecast updated.,1118,2507,2835,https://example.com/post/739,ArabsNews
740,45297.00,2024,1,Dubai,Health,Health awareness campaign in Dubai.,1307,166,3786,https://example.com/post/740,ArabsNews
741,45676.00,2025,1,Baghdad,Football,Top 5 goals of the week in Baghdad league.,2025,1381,4424,https://example.com/post/741,ArabsNews
742,45719.00,2025,3,Riyadh,Football,Fan reactions after Riyadh win.,9527,2427,569,https://example.com/post/742,ArabsNews
743,45723.00,2025,3,Cairo,Political,New policy reform announced in Cairo.,7454,1576,452,https://example.com/post/743,ArabsNews
744,45407.00,2024,4,Jeddah,Educational,Results declared for Jeddah exams.,1650,12,2712,https://example.com/post/744,ArabsNews
745,45824.00,2025,6,Alexandria,Political,Government decision sparks debate in Alexandria.,1890,2729,3123,https://example.com/post/745,ArabsNews
746,45540.00,2024,9,Riyadh,Entertainment,Movie trailer released: 'Riyadh'.,5815,2538,1882,https://example.com/post/746,ArabsNews
747,45324.00,2024,2,Beirut,Football,Fan reactions after Beirut win.,2760,730,4965,https://example.com/post/747,ArabsNews
748,45466.00,2024,6,Alexandria,Political,Election updates from Alexandria.,5376,1347,2841,https://example.com/post/748,ArabsNews
749,45771.00,2025,4,Alexandria,Religious,Event: Eid celebrations in Alexandria.,7233,2930,2361,https://example.com/post/749,ArabsNews
750,45329.00,2024,2,Riyadh,Football,Top 5 goals of the week in Riyadh league.,4896,1322,4785,https://example.com/post/750,ArabsNews
751,45700.00,2025,2,Cairo,Religious,Prayer times updated for Cairo.,6854,786,1520,https://example.com/post/751,ArabsNews
752,45622.00,2024,11,Jeddah,Tech,AI tech breakthrough reported.,7929,503,720,https://example.com/post/752,ArabsNews
753,45517.00,2024,8,Dubai,Entertainment,Concert announced in Dubai.,4924,1246,2823,https://example.com/post/753,ArabsNews
754,45374.00,2024,3,Baghdad,Football,Fan reactions after Baghdad win.,3508,2103,1776,https://example.com/post/754,ArabsNews
755,45585.00,2024,10,Cairo,Entertainment,Movie trailer released: 'Cairo'.,3581,2549,3664,https://example.com/post/755,ArabsNews
756,45536.00,2024,9,Dubai,Religious,Event: Eid celebrations in Dubai.,4094,478,2689,https://example.com/post/756,ArabsNews
757,45305.00,2024,1,Amman,Weather Alert,High temperatures expected in Amman.,1125,605,4460,https://example.com/post/757,ArabsNews
758,45561.00,2024,9,Cairo,Religious,Prayer times updated for Cairo.,3823,798,23,https://example.com/post/758,ArabsNews
759,45330.00,2024,2,Amman,Religious,Prayer times updated for Amman.,6053,1990,1729,https://example.com/post/759,ArabsNews
760,45675.00,2025,1,Alexandria,Tech,Top 5 gadgets of 2025.,6449,2271,1813,https://example.com/post/760,ArabsNews
761,45563.00,2024,9,Alexandria,Weather Alert,Rainfall forecast updated.,5735,161,1265,https://example.com/post/761,ArabsNews
762,45323.00,2024,2,Alexandria,Tech,Launch event for Baghdad held in Alexandria.,4871,2828,3555,https://example.com/post/762,ArabsNews
763,45571.00,2024,10,Doha,Tech,Top 5 gadgets of 2025.,9183,2014,1795,https://example.com/post/763,ArabsNews
764,45557.00,2024,9,Beirut,Political,Election updates from Beirut.,1664,704,284,https://example.com/post/764,ArabsNews
765,45735.00,2025,3,Baghdad,Football,Fan reactions after Baghdad win.,2018,1282,2828,https://example.com/post/765,ArabsNews
766,45436.00,2024,5,Riyadh,Religious,Event: Eid celebrations in Riyadh.,5570,2861,1786,https://example.com/post/766,ArabsNews
767,45383.00,2024,4,Baghdad,Local News,New traffic rule enforced in Baghdad.,1630,2076,4293,https://example.com/post/767,ArabsNews
768,45549.00,2024,9,Baghdad,Educational,Results declared for Baghdad exams.,9178,294,404,https://example.com/post/768,ArabsNews
769,45780.00,2025,5,Dubai,Tech,Launch event for Baghdad held in Beirut.,5169,1156,340,https://example.com/post/769,ArabsNews
770,45825.00,2025,6,Doha,Health,Health awareness campaign in Doha.,6742,2395,2928,https://example.com/post/770,ArabsNews
771,45571.00,2024,10,Alexandria,Religious,Prayer times updated for Alexandria.,7087,1144,2938,https://example.com/post/771,ArabsNews
772,45657.00,2024,12,Riyadh,Local News,New traffic rule enforced in Riyadh.,6152,1921,2358,https://example.com/post/772,ArabsNews
773,45621.00,2024,11,Amman,Football,Top 5 goals of the week in Amman league.,2051,812,1493,https://example.com/post/773,ArabsNews
774,45500.00,2024,7,Doha,Entertainment,Movie trailer released: 'Doha'.,1466,2814,4440,https://example.com/post/774,ArabsNews
775,45671.00,2025,1,Amman,Football,Fan reactions after Amman win.,4050,2988,631,https://example.com/post/775,ArabsNews
776,45622.00,2024,11,Jeddah,Educational,Workshop on AI held in Jeddah.,3045,2129,4143,https://example.com/post/776,ArabsNews
777,45648.00,2024,12,Doha,Health,Vaccination drive starts in Doha.,240,2470,1290,https://example.com/post/777,ArabsNews
778,45733.00,2025,3,Alexandria,Health,Vaccination drive starts in Alexandria.,6505,176,1005,https://example.com/post/778,ArabsNews
779,45815.00,2025,6,Doha,Entertainment,Concert announced in Doha.,1323,410,2158,https://example.com/post/779,ArabsNews
780,45814.00,2025,6,Cairo,Educational,Scholarship applications open for Cairo students.,395,1949,1529,https://example.com/post/780,ArabsNews
781,45571.00,2024,10,Riyadh,Political,New policy reform announced in Riyadh.,6458,311,2463,https://example.com/post/781,ArabsNews
782,45667.00,2025,1,Beirut,Local News,New traffic rule enforced in Beirut.,5264,2528,3420,https://example.com/post/782,ArabsNews
783,45323.00,2024,2,Riyadh,Weather Alert,Rainfall forecast updated.,4852,2811,1366,https://example.com/post/783,ArabsNews
784,45455.00,2024,6,Doha,Religious,Prayer times updated for Doha.,6964,2695,489,https://example.com/post/784,ArabsNews
785,45829.00,2025,6,Dubai,Political,Election updates from Dubai.,1320,730,1682,https://example.com/post/785,ArabsNews
786,45373.00,2024,3,Jeddah,Weather Alert,Rainfall forecast updated.,9519,2508,2003,https://example.com/post/786,ArabsNews
787,45557.00,2024,9,Baghdad,Religious,Event: Eid celebrations in Baghdad.,7627,759,3365,https://example.com/post/787,ArabsNews
788,45765.00,2025,4,Dubai,Educational,Workshop on AI held in Dubai.,676,248,3449,https://example.com/post/788,ArabsNews
789,45525.00,2024,8,Cairo,Tech,Launch event for Riyadh held in Beirut.,4432,468,615,https://example.com/post/789,ArabsNews
790,45758.00,2025,4,Cairo,Health,Vaccination drive starts in Cairo.,4577,740,1925,https://example.com/post/790,ArabsNews
791,45664.00,2025,1,Alexandria,Tech,Top 5 gadgets of 2025.,2804,1527,3557,https://example.com/post/791,ArabsNews
792,45805.00,2025,5,Doha,Religious,Prayer times updated for Doha.,2060,399,4217,https://example.com/post/792,ArabsNews
793,45805.00,2025,5,Baghdad,Football,Top 5 goals of the week in Baghdad league.,5650,2864,4492,https://example.com/post/793,ArabsNews
794,45597.00,2024,11,Jeddah,Health,Health awareness campaign in Jeddah.,2961,2761,2073,https://example.com/post/794,ArabsNews
795,45455.00,2024,6,Beirut,Religious,Event: Eid celebrations in Beirut.,386,1185,449,https://example.com/post/795,ArabsNews
796,45475.00,2024,7,Alexandria,Political,Government decision sparks debate in Alexandria.,6706,1856,3728,https://example.com/post/796,ArabsNews
797,45662.00,2025,1,Baghdad,Tech,Launch event for Baghdad held in Doha.,1918,1895,1650,https://example.com/post/797,ArabsNews
798,45437.00,2024,5,Jeddah,Religious,Charity campaign launched in Jeddah.,4756,469,2152,https://example.com/post/798,ArabsNews
799,45415.00,2024,5,Cairo,Health,New hospital opens in Cairo.,237,2324,3005,https://example.com/post/799,ArabsNews
800,45594.00,2024,10,Doha,Educational,Results declared for Doha exams.,5497,1183,549,https://example.com/post/800,ArabsNews
801,45347.00,2024,2,Dubai,Football,Top 5 goals of the week in Dubai league.,6822,18,3072,https://example.com/post/801,ArabsNews
802,45572.00,2024,10,Alexandria,Health,Vaccination drive starts in Alexandria.,4817,1251,117,https://example.com/post/802,ArabsNews
803,45636.00,2024,12,Alexandria,Football,Fan reactions after Alexandria win.,8402,2689,4300,https://example.com/post/803,ArabsNews
804,45779.00,2025,5,Beirut,Health,New hospital opens in Beirut.,3573,942,2211,https://example.com/post/804,ArabsNews
805,45732.00,2025,3,Alexandria,Local News,Water supply disruption in Alexandria.,4446,1241,263,https://example.com/post/805,ArabsNews
806,45674.00,2025,1,Baghdad,Entertainment,Concert announced in Baghdad.,1622,2978,3291,https://example.com/post/806,ArabsNews
807,45464.00,2024,6,Riyadh,Football,Top 5 goals of the week in Riyadh league.,765,1078,314,https://example.com/post/807,ArabsNews
808,45588.00,2024,10,Riyadh,Political,Election updates from Riyadh.,5238,1679,4733,https://example.com/post/808,ArabsNews
809,45530.00,2024,8,Alexandria,Local News,Water supply disruption in Alexandria.,8696,1218,2253,https://example.com/post/809,ArabsNews
810,45704.00,2025,2,Riyadh,Political,Election updates from Riyadh.,3627,1614,1950,https://example.com/post/810,ArabsNews
811,45695.00,2025,2,Cairo,Religious,Prayer times updated for Cairo.,9087,114,4474,https://example.com/post/811,ArabsNews
812,45318.00,2024,1,Amman,Religious,Event: Eid celebrations in Amman.,5006,554,2100,https://example.com/post/812,ArabsNews
813,45473.00,2024,6,Amman,Entertainment,Celebrity spotted in Amman.,8097,2387,4215,https://example.com/post/813,ArabsNews
814,45392.00,2024,4,Jeddah,Religious,Event: Eid celebrations in Jeddah.,7847,1242,290,https://example.com/post/814,ArabsNews
815,45365.00,2024,3,Amman,Tech,Top 5 gadgets of 2025.,9772,143,3181,https://example.com/post/815,ArabsNews
816,45778.00,2025,5,Cairo,Football,Fan reactions after Cairo win.,3374,113,966,https://example.com/post/816,ArabsNews
817,45511.00,2024,8,Amman,Football,Top 5 goals of the week in Amman league.,6730,2957,1389,https://example.com/post/817,ArabsNews
818,45612.00,2024,11,Riyadh,Entertainment,Celebrity spotted in Riyadh.,4423,2249,3371,https://example.com/post/818,ArabsNews
819,45647.00,2024,12,Cairo,Political,New policy reform announced in Cairo.,9403,2141,1523,https://example.com/post/819,ArabsNews
820,45374.00,2024,3,Dubai,Religious,Prayer times updated for Dubai.,9327,2756,3260,https://example.com/post/820,ArabsNews
821,45751.00,2025,4,Doha,Religious,Charity campaign launched in Doha.,9741,1795,3065,https://example.com/post/821,ArabsNews
822,45804.00,2025,5,Amman,Health,New hospital opens in Amman.,5539,725,4756,https://example.com/post/822,ArabsNews
823,45699.00,2025,2,Amman,Religious,Charity campaign launched in Amman.,6481,731,269,https://example.com/post/823,ArabsNews
824,45480.00,2024,7,Beirut,Weather Alert,Rainfall forecast updated.,8147,169,108,https://example.com/post/824,ArabsNews
825,45703.00,2025,2,Doha,Health,New hospital opens in Doha.,9685,972,3785,https://example.com/post/825,ArabsNews
826,45622.00,2024,11,Cairo,Educational,Workshop on AI held in Cairo.,121,315,4885,https://example.com/post/826,ArabsNews
827,45650.00,2024,12,Amman,Football,Fan reactions after Amman win.,594,306,1113,https://example.com/post/827,ArabsNews
828,45782.00,2025,5,Baghdad,Religious,Prayer times updated for Baghdad.,8544,1237,1906,https://example.com/post/828,ArabsNews
829,45732.00,2025,3,Riyadh,Football,Match result: Cairo vs Jeddah ended in a draw.,1871,704,579,https://example.com/post/829,ArabsNews
830,45750.00,2025,4,Jeddah,Religious,Prayer times updated for Jeddah.,3552,1044,1397,https://example.com/post/830,ArabsNews
831,45705.00,2025,2,Amman,Political,Election updates from Amman.,6277,834,2458,https://example.com/post/831,ArabsNews
832,45345.00,2024,2,Beirut,Football,Match result: Beirut vs Doha ended in a draw.,1001,435,2707,https://example.com/post/832,ArabsNews
833,45324.00,2024,2,Dubai,Educational,Workshop on AI held in Dubai.,6047,623,1940,https://example.com/post/833,ArabsNews
834,45539.00,2024,9,Dubai,Health,New hospital opens in Dubai.,3780,1145,2327,https://example.com/post/834,ArabsNews
835,45794.00,2025,5,Baghdad,Health,New hospital opens in Baghdad.,4127,1665,4561,https://example.com/post/835,ArabsNews
836,45419.00,2024,5,Baghdad,Educational,Scholarship applications open for Baghdad students.,916,1694,4062,https://example.com/post/836,ArabsNews
837,45482.00,2024,7,Dubai,Local News,Market fire reported in Dubai.,6266,132,2568,https://example.com/post/837,ArabsNews
838,45385.00,2024,4,Baghdad,Political,Election updates from Baghdad.,4011,1760,269,https://example.com/post/838,ArabsNews
839,45583.00,2024,10,Beirut,Entertainment,Movie trailer released: 'Beirut'.,3834,774,3573,https://example.com/post/839,ArabsNews
840,45564.00,2024,9,Riyadh,Entertainment,Concert announced in Riyadh.,6995,873,1467,https://example.com/post/840,ArabsNews
841,45398.00,2024,4,Jeddah,Educational,Scholarship applications open for Jeddah students.,1904,176,4050,https://example.com/post/841,ArabsNews
842,45652.00,2024,12,Alexandria,Religious,Prayer times updated for Alexandria.,6322,2213,913,https://example.com/post/842,ArabsNews
843,45596.00,2024,10,Amman,Tech,Launch event for Doha held in Doha.,5516,635,4746,https://example.com/post/843,ArabsNews
844,45780.00,2025,5,Jeddah,Weather Alert,Rainfall forecast updated.,2373,2568,1737,https://example.com/post/844,ArabsNews
845,45597.00,2024,11,Jeddah,Entertainment,Movie trailer released: 'Jeddah'.,1166,2986,3396,https://example.com/post/845,ArabsNews
846,45293.00,2024,1,Dubai,Football,Fan reactions after Dubai win.,3291,1263,3691,https://example.com/post/846,ArabsNews
847,45333.00,2024,2,Amman,Entertainment,Celebrity spotted in Amman.,2445,1755,2962,https://example.com/post/847,ArabsNews
848,45458.00,2024,6,Doha,Religious,Event: Eid celebrations in Doha.,1508,1067,3732,https://example.com/post/848,ArabsNews
849,45418.00,2024,5,Alexandria,Weather Alert,Storm warning issued in Alexandria.,5557,1200,2487,https://example.com/post/849,ArabsNews
850,45532.00,2024,8,Doha,Football,Fan reactions after Doha win.,4262,1945,2839,https://example.com/post/850,ArabsNews
851,45368.00,2024,3,Dubai,Entertainment,Movie trailer released: 'Dubai'.,2483,1385,981,https://example.com/post/851,ArabsNews
852,45619.00,2024,11,Baghdad,Weather Alert,Storm warning issued in Baghdad.,5178,529,4383,https://example.com/post/852,ArabsNews
853,45708.00,2025,2,Jeddah,Football,Top 5 goals of the week in Jeddah league.,2778,1810,198,https://example.com/post/853,ArabsNews
854,45786.00,2025,5,Amman,Entertainment,Celebrity spotted in Amman.,9016,2236,3574,https://example.com/post/854,ArabsNews
855,45790.00,2025,5,Riyadh,Religious,Prayer times updated for Riyadh.,1547,1936,4611,https://example.com/post/855,ArabsNews
856,45415.00,2024,5,Amman,Religious,Event: Eid celebrations in Amman.,849,1591,4850,https://example.com/post/856,ArabsNews
857,45707.00,2025,2,Dubai,Entertainment,Movie trailer released: 'Dubai'.,2347,920,447,https://example.com/post/857,ArabsNews
858,45490.00,2024,7,Doha,Religious,Charity campaign launched in Doha.,9569,230,1012,https://example.com/post/858,ArabsNews
859,45429.00,2024,5,Riyadh,Tech,Launch event for Cairo held in Beirut.,3505,1499,2498,https://example.com/post/859,ArabsNews
860,45575.00,2024,10,Doha,Tech,AI tech breakthrough reported.,6374,2010,804,https://example.com/post/860,ArabsNews
861,45828.00,2025,6,Dubai,Tech,Launch event for Jeddah held in Jeddah.,2185,1476,2061,https://example.com/post/861,ArabsNews
862,45801.00,2025,5,Jeddah,Tech,Launch event for Doha held in Alexandria.,5848,314,4110,https://example.com/post/862,ArabsNews
863,45540.00,2024,9,Alexandria,Educational,Results declared for Alexandria exams.,6522,2524,4547,https://example.com/post/863,ArabsNews
864,45716.00,2025,2,Beirut,Football,Top 5 goals of the week in Beirut league.,2579,793,674,https://example.com/post/864,ArabsNews
865,45396.00,2024,4,Amman,Weather Alert,High temperatures expected in Amman.,3869,939,3591,https://example.com/post/865,ArabsNews
866,45627.00,2024,12,Cairo,Political,Government decision sparks debate in Cairo.,3842,2860,479,https://example.com/post/866,ArabsNews
867,45311.00,2024,1,Cairo,Educational,Workshop on AI held in Cairo.,4405,2376,2214,https://example.com/post/867,ArabsNews
868,45761.00,2025,4,Amman,Political,New policy reform announced in Amman.,9818,1042,1453,https://example.com/post/868,ArabsNews
869,45487.00,2024,7,Cairo,Political,New policy reform announced in Cairo.,9655,2638,1828,https://example.com/post/869,ArabsNews
870,45582.00,2024,10,Alexandria,Tech,AI tech breakthrough reported.,2619,2409,2065,https://example.com/post/870,ArabsNews
871,45300.00,2024,1,Amman,Entertainment,Concert announced in Amman.,4762,2599,98,https://example.com/post/871,ArabsNews
872,45383.00,2024,4,Baghdad,Religious,Event: Eid celebrations in Baghdad.,1970,2269,60,https://example.com/post/872,ArabsNews
873,45332.00,2024,2,Amman,Entertainment,Concert announced in Amman.,7506,2332,2577,https://example.com/post/873,ArabsNews
874,45418.00,2024,5,Jeddah,Educational,Scholarship applications open for Jeddah students.,5657,1006,2707,https://example.com/post/874,ArabsNews
875,45626.00,2024,11,Doha,Football,Match result: Riyadh vs Cairo ended in a loss.,5785,615,4706,https://example.com/post/875,ArabsNews
876,45576.00,2024,10,Jeddah,Educational,Workshop on AI held in Jeddah.,6483,2970,2153,https://example.com/post/876,ArabsNews
877,45775.00,2025,4,Cairo,Educational,Results declared for Cairo exams.,5349,482,1852,https://example.com/post/877,ArabsNews
878,45801.00,2025,5,Alexandria,Educational,Workshop on AI held in Alexandria.,5385,541,2958,https://example.com/post/878,ArabsNews
879,45373.00,2024,3,Doha,Football,Match result: Beirut vs Baghdad ended in a win.,1449,2633,2430,https://example.com/post/879,ArabsNews
880,45832.00,2025,6,Baghdad,Local News,New traffic rule enforced in Baghdad.,3899,30,2161,https://example.com/post/880,ArabsNews
881,45596.00,2024,10,Beirut,Religious,Prayer times updated for Beirut.,5448,1662,1114,https://example.com/post/881,ArabsNews
882,45759.00,2025,4,Dubai,Local News,New traffic rule enforced in Dubai.,2367,1519,2268,https://example.com/post/882,ArabsNews
883,45502.00,2024,7,Baghdad,Weather Alert,Rainfall forecast updated.,693,2131,3686,https://example.com/post/883,ArabsNews
884,45808.00,2025,5,Cairo,Entertainment,Concert announced in Cairo.,5434,2949,27,https://example.com/post/884,ArabsNews
885,45335.00,2024,2,Dubai,Health,Health awareness campaign in Dubai.,2835,894,4432,https://example.com/post/885,ArabsNews
886,45572.00,2024,10,Cairo,Local News,Market fire reported in Cairo.,5473,1832,1091,https://example.com/post/886,ArabsNews
887,45532.00,2024,8,Cairo,Tech,AI tech breakthrough reported.,2867,1784,2865,https://example.com/post/887,ArabsNews
888,45656.00,2024,12,Jeddah,Tech,Top 5 gadgets of 2025.,6972,774,3867,https://example.com/post/888,ArabsNews
889,45294.00,2024,1,Beirut,Local News,Water supply disruption in Beirut.,6354,1767,1546,https://example.com/post/889,ArabsNews
890,45582.00,2024,10,Amman,Tech,Launch event for Cairo held in Riyadh.,5673,2630,2962,https://example.com/post/890,ArabsNews
891,45812.00,2025,6,Alexandria,Educational,Results declared for Alexandria exams.,932,2307,854,https://example.com/post/891,ArabsNews
892,45482.00,2024,7,Amman,Tech,Launch event for Riyadh held in Beirut.,2975,192,1277,https://example.com/post/892,ArabsNews
893,45589.00,2024,10,Cairo,Local News,Water supply disruption in Cairo.,6268,459,4136,https://example.com/post/893,ArabsNews
894,45636.00,2024,12,Amman,Religious,Charity campaign launched in Amman.,1852,1198,3778,https://example.com/post/894,ArabsNews
895,45565.00,2024,9,Baghdad,Entertainment,Movie trailer released: 'Baghdad'.,1876,2327,159,https://example.com/post/895,ArabsNews
896,45806.00,2025,5,Amman,Football,Match result: Doha vs Baghdad ended in a loss.,3151,2680,3107,https://example.com/post/896,ArabsNews
897,45777.00,2025,4,Dubai,Tech,Launch event for Alexandria held in Cairo.,6097,777,3385,https://example.com/post/897,ArabsNews
898,45373.00,2024,3,Doha,Football,Top 5 goals of the week in Doha league.,6630,255,3919,https://example.com/post/898,ArabsNews
899,45450.00,2024,6,Riyadh,Religious,Prayer times updated for Riyadh.,9349,2768,4077,https://example.com/post/899,ArabsNews
900,45465.00,2024,6,Jeddah,Football,Match result: Dubai vs Jeddah ended in a win.,1096,873,3953,https://example.com/post/900,ArabsNews
901,45735.00,2025,3,Jeddah,Health,Vaccination drive starts in Jeddah.,8297,471,3655,https://example.com/post/901,ArabsNews
902,45743.00,2025,3,Jeddah,Entertainment,Concert announced in Jeddah.,2138,2241,3142,https://example.com/post/902,ArabsNews
903,45318.00,2024,1,Doha,Religious,Event: Eid celebrations in Doha.,2760,1133,397,https://example.com/post/903,ArabsNews
904,45379.00,2024,3,Baghdad,Entertainment,Celebrity spotted in Baghdad.,8191,2985,4767,https://example.com/post/904,ArabsNews
905,45340.00,2024,2,Amman,Local News,New traffic rule enforced in Amman.,4990,1952,3862,https://example.com/post/905,ArabsNews
906,45496.00,2024,7,Baghdad,Weather Alert,High temperatures expected in Baghdad.,8139,896,4084,https://example.com/post/906,ArabsNews
907,45513.00,2024,8,Doha,Entertainment,Movie trailer released: 'Doha'.,9818,2309,3830,https://example.com/post/907,ArabsNews
908,45302.00,2024,1,Amman,Weather Alert,Rainfall forecast updated.,9878,512,1107,https://example.com/post/908,ArabsNews
909,45469.00,2024,6,Riyadh,Entertainment,Movie trailer released: 'Riyadh'.,1062,2139,3915,https://example.com/post/909,ArabsNews
910,45696.00,2025,2,Dubai,Religious,Event: Eid celebrations in Dubai.,6303,1417,620,https://example.com/post/910,ArabsNews
911,45543.00,2024,9,Beirut,Local News,New traffic rule enforced in Beirut.,4355,2176,2604,https://example.com/post/911,ArabsNews
912,45693.00,2025,2,Cairo,Entertainment,Movie trailer released: 'Cairo'.,6999,1952,20,https://example.com/post/912,ArabsNews
913,45293.00,2024,1,Baghdad,Religious,Event: Eid celebrations in Baghdad.,5954,2803,4375,https://example.com/post/913,ArabsNews
914,45403.00,2024,4,Doha,Local News,Water supply disruption in Doha.,4415,2095,3975,https://example.com/post/914,ArabsNews
915,45634.00,2024,12,Doha,Weather Alert,High temperatures expected in Doha.,1545,615,477,https://example.com/post/915,ArabsNews
916,45808.00,2025,5,Riyadh,Tech,AI tech breakthrough reported.,4065,1250,4648,https://example.com/post/916,ArabsNews
917,45634.00,2024,12,Dubai,Political,Government decision sparks debate in Dubai.,2081,707,2802,https://example.com/post/917,ArabsNews
918,45605.00,2024,11,Cairo,Political,Government decision sparks debate in Cairo.,1720,1165,1996,https://example.com/post/918,ArabsNews
919,45487.00,2024,7,Beirut,Tech,AI tech breakthrough reported.,4335,2702,2717,https://example.com/post/919,ArabsNews
920,45533.00,2024,8,Dubai,Entertainment,Movie trailer released: 'Dubai'.,8102,2930,3554,https://example.com/post/920,ArabsNews
921,45756.00,2025,4,Riyadh,Local News,Water supply disruption in Riyadh.,8680,1487,2752,https://example.com/post/921,ArabsNews
922,45806.00,2025,5,Baghdad,Football,Top 5 goals of the week in Baghdad league.,7859,1883,2457,https://example.com/post/922,ArabsNews
923,45474.00,2024,7,Beirut,Health,New hospital opens in Beirut.,7780,480,1201,https://example.com/post/923,ArabsNews
924,45743.00,2025,3,Doha,Educational,Scholarship applications open for Doha students.,124,2285,2333,https://example.com/post/924,ArabsNews
925,45562.00,2024,9,Beirut,Entertainment,Celebrity spotted in Beirut.,8180,492,76,https://example.com/post/925,ArabsNews
926,45446.00,2024,6,Riyadh,Tech,Top 5 gadgets of 2025.,8617,1589,2301,https://example.com/post/926,ArabsNews
927,45653.00,2024,12,Doha,Football,Top 5 goals of the week in Doha league.,9008,1937,3412,https://example.com/post/927,ArabsNews
928,45769.00,2025,4,Amman,Local News,Water supply disruption in Amman.,583,221,4335,https://example.com/post/928,ArabsNews
929,45718.00,2025,3,Doha,Weather Alert,Storm warning issued in Doha.,3125,107,1964,https://example.com/post/929,ArabsNews
930,45744.00,2025,3,Amman,Tech,AI tech breakthrough reported.,3600,2392,3444,https://example.com/post/930,ArabsNews
931,45539.00,2024,9,Jeddah,Local News,New traffic rule enforced in Jeddah.,5827,2010,2036,https://example.com/post/931,ArabsNews
932,45670.00,2025,1,Riyadh,Entertainment,Concert announced in Riyadh.,305,2918,961,https://example.com/post/932,ArabsNews
933,45610.00,2024,11,Riyadh,Football,Top 5 goals of the week in Riyadh league.,8160,1424,1023,https://example.com/post/933,ArabsNews
934,45414.00,2024,5,Alexandria,Educational,Workshop on AI held in Alexandria.,1741,805,126,https://example.com/post/934,ArabsNews
935,45752.00,2025,4,Amman,Entertainment,Movie trailer released: 'Amman'.,6353,492,3425,https://example.com/post/935,ArabsNews
936,45540.00,2024,9,Cairo,Weather Alert,High temperatures expected in Cairo.,885,1326,652,https://example.com/post/936,ArabsNews
937,45601.00,2024,11,Baghdad,Health,Vaccination drive starts in Baghdad.,990,2927,4393,https://example.com/post/937,ArabsNews
938,45412.00,2024,4,Riyadh,Weather Alert,High temperatures expected in Riyadh.,8895,283,4705,https://example.com/post/938,ArabsNews
939,45610.00,2024,11,Jeddah,Entertainment,Concert announced in Jeddah.,4565,1963,2408,https://example.com/post/939,ArabsNews
940,45729.00,2025,3,Dubai,Football,Match result: Doha vs Beirut ended in a win.,2466,1674,2022,https://example.com/post/940,ArabsNews
941,45401.00,2024,4,Riyadh,Health,New hospital opens in Riyadh.,5106,2568,4736,https://example.com/post/941,ArabsNews
942,45607.00,2024,11,Alexandria,Religious,Event: Eid celebrations in Alexandria.,1591,2275,1225,https://example.com/post/942,ArabsNews
943,45470.00,2024,6,Doha,Religious,Charity campaign launched in Doha.,1925,1363,2791,https://example.com/post/943,ArabsNews
944,45475.00,2024,7,Jeddah,Weather Alert,High temperatures expected in Jeddah.,2403,1468,2279,https://example.com/post/944,ArabsNews
945,45797.00,2025,5,Cairo,Health,New hospital opens in Cairo.,9171,2075,2530,https://example.com/post/945,ArabsNews
946,45584.00,2024,10,Jeddah,Local News,Water supply disruption in Jeddah.,9387,2244,736,https://example.com/post/946,ArabsNews
947,45545.00,2024,9,Cairo,Religious,Event: Eid celebrations in Cairo.,6259,1190,3712,https://example.com/post/947,ArabsNews
948,45307.00,2024,1,Cairo,Health,New hospital opens in Cairo.,2945,1727,2652,https://example.com/post/948,ArabsNews
949,45407.00,2024,4,Alexandria,Weather Alert,Storm warning issued in Alexandria.,3313,1814,4991,https://example.com/post/949,ArabsNews
950,45470.00,2024,6,Riyadh,Educational,Scholarship applications open for Riyadh students.,4884,520,546,https://example.com/post/950,ArabsNews
951,45653.00,2024,12,Amman,Local News,Water supply disruption in Amman.,9137,654,2546,https://example.com/post/951,ArabsNews
952,45678.00,2025,1,Cairo,Weather Alert,Rainfall forecast updated.,6090,1372,2835,https://example.com/post/952,ArabsNews
953,45604.00,2024,11,Dubai,Local News,Market fire reported in Dubai.,1077,1437,924,https://example.com/post/953,ArabsNews
954,45481.00,2024,7,Dubai,Health,Vaccination drive starts in Dubai.,3379,1483,3820,https://example.com/post/954,ArabsNews
955,45498.00,2024,7,Dubai,Football,Top 5 goals of the week in Dubai league.,4963,898,736,https://example.com/post/955,ArabsNews
956,45438.00,2024,5,Baghdad,Health,Health awareness campaign in Baghdad.,1274,233,3359,https://example.com/post/956,ArabsNews
957,45493.00,2024,7,Dubai,Entertainment,Concert announced in Dubai.,3638,2102,1742,https://example.com/post/957,ArabsNews
958,45365.00,2024,3,Alexandria,Weather Alert,Rainfall forecast updated.,2378,2763,3430,https://example.com/post/958,ArabsNews
959,45581.00,2024,10,Cairo,Health,Health awareness campaign in Cairo.,3551,2455,2076,https://example.com/post/959,ArabsNews
960,45323.00,2024,2,Jeddah,Football,Fan reactions after Jeddah win.,1098,2618,1118,https://example.com/post/960,ArabsNews
961,45395.00,2024,4,Dubai,Local News,New traffic rule enforced in Dubai.,4112,311,4075,https://example.com/post/961,ArabsNews
962,45498.00,2024,7,Baghdad,Religious,Event: Eid celebrations in Baghdad.,7872,2281,4433,https://example.com/post/962,ArabsNews
963,45704.00,2025,2,Baghdad,Educational,Workshop on AI held in Baghdad.,4737,952,4843,https://example.com/post/963,ArabsNews
964,45445.00,2024,6,Beirut,Educational,Workshop on AI held in Beirut.,9872,2767,1535,https://example.com/post/964,ArabsNews
965,45390.00,2024,4,Doha,Educational,Workshop on AI held in Doha.,5775,1421,107,https://example.com/post/965,ArabsNews
966,45317.00,2024,1,Baghdad,Political,Election updates from Baghdad.,4633,2786,4833,https://example.com/post/966,ArabsNews
967,45410.00,2024,4,Cairo,Local News,Market fire reported in Cairo.,8133,1104,2459,https://example.com/post/967,ArabsNews
968,45321.00,2024,1,Beirut,Religious,Prayer times updated for Beirut.,8810,1902,1015,https://example.com/post/968,ArabsNews
969,45789.00,2025,5,Doha,Weather Alert,Storm warning issued in Doha.,682,2451,2158,https://example.com/post/969,ArabsNews
970,45337.00,2024,2,Cairo,Local News,Market fire reported in Cairo.,7267,733,358,https://example.com/post/970,ArabsNews
971,45413.00,2024,5,Beirut,Religious,Charity campaign launched in Beirut.,6180,1579,4074,https://example.com/post/971,ArabsNews
972,45751.00,2025,4,Cairo,Weather Alert,High temperatures expected in Cairo.,3897,2752,4551,https://example.com/post/972,ArabsNews
973,45583.00,2024,10,Cairo,Educational,Results declared for Cairo exams.,3866,981,2600,https://example.com/post/973,ArabsNews
974,45576.00,2024,10,Baghdad,Football,Fan reactions after Baghdad win.,1957,1072,4568,https://example.com/post/974,ArabsNews
975,45652.00,2024,12,Doha,Local News,New traffic rule enforced in Doha.,2535,1885,683,https://example.com/post/975,ArabsNews
976,45681.00,2025,1,Dubai,Religious,Prayer times updated for Dubai.,8463,2158,4238,https://example.com/post/976,ArabsNews
977,45452.00,2024,6,Jeddah,Weather Alert,Storm warning issued in Jeddah.,1008,1450,4946,https://example.com/post/977,ArabsNews
978,45374.00,2024,3,Amman,Political,Government decision sparks debate in Amman.,6604,2137,2230,https://example.com/post/978,ArabsNews
979,45625.00,2024,11,Amman,Religious,Prayer times updated for Amman.,9292,1731,1195,https://example.com/post/979,ArabsNews
980,45348.00,2024,2,Amman,Local News,New traffic rule enforced in Amman.,3970,1546,4855,https://example.com/post/980,ArabsNews
981,45677.00,2025,1,Doha,Entertainment,Celebrity spotted in Doha.,3956,275,2845,https://example.com/post/981,ArabsNews
982,45650.00,2024,12,Cairo,Entertainment,Celebrity spotted in Cairo.,1723,1186,1546,https://example.com/post/982,ArabsNews
983,45565.00,2024,9,Doha,Local News,Market fire reported in Doha.,4038,2908,4834,https://example.com/post/983,ArabsNews
984,45350.00,2024,2,Dubai,Football,Match result: Baghdad vs Beirut ended in a draw.,7092,1483,1315,https://example.com/post/984,ArabsNews
985,45608.00,2024,11,Doha,Religious,Prayer times updated for Doha.,6199,1070,1895,https://example.com/post/985,ArabsNews
986,45817.00,2025,6,Jeddah,Local News,Water supply disruption in Jeddah.,2118,303,3757,https://example.com/post/986,ArabsNews
987,45457.00,2024,6,Jeddah,Health,New hospital opens in Jeddah.,4776,1067,1599,https://example.com/post/987,ArabsNews
988,45693.00,2025,2,Alexandria,Health,Vaccination drive starts in Alexandria.,5376,1291,1398,https://example.com/post/988,ArabsNews
989,45320.00,2024,1,Alexandria,Football,Top 5 goals of the week in Alexandria league.,2870,573,3813,https://example.com/post/989,ArabsNews
990,45300.00,2024,1,Jeddah,Entertainment,Celebrity spotted in Jeddah.,3056,731,2109,https://example.com/post/990,ArabsNews
991,45424.00,2024,5,Jeddah,Entertainment,Movie trailer released: 'Jeddah'.,6253,2346,3490,https://example.com/post/991,ArabsNews
992,45746.00,2025,3,Jeddah,Local News,New traffic rule enforced in Jeddah.,9160,962,900,https://example.com/post/992,ArabsNews
993,45501.00,2024,7,Cairo,Educational,Workshop on AI held in Cairo.,7478,2320,2380,https://example.com/post/993,ArabsNews
994,45297.00,2024,1,Cairo,Local News,New traffic rule enforced in Cairo.,7403,1058,2561,https://example.com/post/994,ArabsNews
995,45390.00,2024,4,Riyadh,Educational,Results declared for Riyadh exams.,5507,173,1718,https://example.com/post/995,ArabsNews
996,45701.00,2025,2,Cairo,Tech,AI tech breakthrough reported.,3637,799,3933,https://example.com/post/996,ArabsNews
997,45332.00,2024,2,Cairo,Local News,New traffic rule enforced in Cairo.,2474,2364,3675,https://example.com/post/997,ArabsNews
998,45438.00,2024,5,Alexandria,Entertainment,Movie trailer released: 'Alexandria'.,234,1285,3924,https://example.com/post/998,ArabsNews
999,45577.00,2024,10,Jeddah,Football,Match result: Dubai vs Dubai ended in a draw.,2116,2735,2084,https://example.com/post/999,ArabsNews
1000,45684.00,2025,1,Amman,Entertainment,Movie trailer released: 'Amman'.,6444,1321,700,https://example.com/post/1000,ArabsNews
995,45390.00,2024,4,Riyadh,Educational,Results declared for Riyadh exams.,5507,173,1718,https://example.com/post/995,ArabsNews
996,45701.00,2025,2,Cairo,Tech,AI tech breakthrough reported.,3637,799,3933,https://example.com/post/996,ArabsNews
997,45332.00,2024,2,Cairo,Local News,New traffic rule enforced in Cairo.,2474,2364,3675,https://example.com/post/997,ArabsNews
998,45438.00,2024,5,Alexandria,Entertainment,Movie trailer released: 'Alexandria'.,234,1285,3924,https://example.com/post/998,ArabsNews
999,45577.00,2024,10,Jeddah,Football,Match result: Dubai vs Dubai ended in a draw.,2116,2735,2084,https://example.com/post/999,ArabsNews
1000,45684.00,2025,1,Amman,Entertainment,Movie trailer released: 'Amman'.,6444,1321,700,https://example.com/post/1000,ArabsNews
995,45390.00,2024,4,Riyadh,Educational,Results declared for Riyadh exams.,5507,173,1718,https://example.com/post/995,ArabsNews
996,45701.00,2025,2,Cairo,Tech,AI tech breakthrough reported.,3637,799,3933,https://example.com/post/996,ArabsNews
997,45332.00,2024,2,Cairo,Local News,New traffic rule enforced in Cairo.,2474,2364,3675,https://example.com/post/997,ArabsNews
998,45438.00,2024,5,Alexandria,Entertainment,Movie trailer released: 'Alexandria'.,234,1285,3924,https://example.com/post/998,ArabsNews
999,45577.00,2024,10,Jeddah,Football,Match result: Dubai vs Dubai ended in a draw.,2116,2735,2084,https://example.com/post/999,ArabsNews
1000,45684.00,2025,1,Amman,Entertainment,Movie trailer released: 'Amman'.,6444,1321,700,https://example.com/post/1000,ArabsNews
